,optic name,screen,optics x (mm),optics y (mm),theoretical sigma_x,theoretical sigma_y,BTV total intensity,BTV BQM.BunchLengthMean,BTV BTV660524fit.sx,BTV BTV660524fit.sy,% difference sigma_x,% difference sigma_y
0,tt66_2024_fp2_sti_smaug_0p4_0p4mm,Chromox,0.4,0.4,0.481963,0.226448,0,0,0.6658176893610878,0.5761155393320923,32.03655385828638,87.13765881342974
1,tt66_2024_fp2_sti_smaug_0p4_0p4mm,Chromox,0.4,0.4,0.481963,0.226448,0,0,0.6715572711790654,0.5880390015031101,32.87229117963788,88.78987653229709
2,tt66_2024_fp2_sti_smaug_0p4_0p4mm,Chromox,0.4,0.4,0.481963,0.226448,0,0,0.6673648167418706,0.5731310611226972,32.26265196773017,86.71639315714845
3,tt66_2024_fp2_sti_smaug_0p4_0p4mm,Chromox,0.4,0.4,0.481963,0.226448,0,0,0.6738156906322298,0.5864108643112309,33.19886275585913,88.56712526995507
4,tt66_2024_fp2_sti_smaug_0p4_0p4mm,Chromox,0.4,0.4,0.481963,0.226448,0,0,0.6630013000804084,0.556812163,31.62339647929537,84.35617660358076
5,tt66_2024_fp2_sti_smaug_0p4_0p4mm,Chromox,0.4,0.4,0.481963,0.226448,0,0,0.6446203431500608,0.5696498377569691,28.87622014635004,86.22101995
6,tt66_2024_fp2_sti_smaug_0p4_0p4mm,Chromox,0.4,0.4,0.481963,0.226448,0,0,0.6619683819515936,0.5798909986902907,31.47136004687573,87.66610551253909
7,tt66_2024_fp2_sti_smaug_0p4_0p4mm,Chromox,0.4,0.4,0.481963,0.226448,0,0,0.651479457,0.5772166320160085,29.91178874634042,87.29229035153594
8,tt66_2024_fp2_sti_smaug_0p4_0p4mm,Chromox,0.4,0.4,0.481963,0.226448,0,0,0.6645473090157962,0.5738235334143024,31.85044348576906,86.81441708472349
9,tt66_2024_fp2_sti_smaug_0p4_0p4mm,Chromox,0.4,0.4,0.481963,0.226448,0,0,0.6322265239966041,0.565453516,26.972704510379526,85.61810005
10,tt66_2024_fp2_sti_smaug_0p4_0p4mm,Chromox,0.4,0.4,0.481963,0.226448,0,0,0.6540176045596856,0.5758923739623711,30.29182080558061,87.10626694170564
11,tt66_2024_fp2_sti_smaug_0p4_0p4mm,Chromox,0.4,0.4,0.481963,0.226448,0,0,0.6305443549663856,0.5465020809550973,26.711078232983912,82.81364834314317
12,tt66_2024_fp2_sti_smaug_0p4_0p4mm,Chromox,0.4,0.4,0.481963,0.226448,0,0,0.6546184385902359,0.5809936750499601,30.381534086002663,87.81951341018477
13,tt66_2024_fp2_sti_smaug_0p4_0p4mm,Chromox,0.4,0.4,0.481963,0.226448,0,0,0.631576947,0.5606791916123345,26.871770069288498,84.92431596161796
14,tt66_2024_fp2_sti_smaug_0p4_0p4mm,Chromox,0.4,0.4,0.481963,0.226448,0,0,0.6723113689494385,0.5901405268022972,32.98147720678991,89.07608051425639
15,tt66_2024_fp2_sti_smaug_0p4_0p4mm,Chromox,0.4,0.4,0.481963,0.226448,0,0,0.6206756248856192,0.5393153966529683,25.160124406127785,81.71385522485474
16,tt66_2024_fp2_sti_smaug_0p4_0p4mm,Chromox,0.4,0.4,0.481963,0.226448,0,0,0.6463117777355089,0.5690001057912595,29.132757547831254,86.12808385545434
17,tt66_2024_fp2_sti_smaug_0p4_0p4mm,Chromox,0.4,0.4,0.481963,0.226448,0,0,0.6526179979506883,0.5892088728534235,30.082470666956375,88.94938176254733
18,tt66_2024_fp2_sti_smaug_0p4_0p4mm,Chromox,0.4,0.4,0.481963,0.226448,0,0,0.6775266980069093,0.6108623571953237,33.732718512820114,91.82123543364922
19,tt66_2024_fp2_sti_smaug_0p4_0p4mm,Chromox,0.4,0.4,0.481963,0.226448,0,0,0.665550829,0.5787370937358575,31.997493007346463,87.50512061799958
20,tt66_2024_fp2_sti_smaug_0p4_0p4mm,Chromox,0.4,0.4,0.481963,0.226448,0,0,0.6578213272062555,0.5796397823043041,30.85817606165981,87.63109678
21,tt66_2024_fp2_sti_smaug_0p4_0p4mm,Chromox,0.4,0.4,0.481963,0.226448,0,0,0.6549982883845614,0.5737236331944087,30.438202276951166,86.80028603564232
22,tt66_2024_fp2_sti_smaug_0p4_0p4mm,Chromox,0.4,0.4,0.481963,0.226448,0,0,0.6852852871285284,0.591459617,34.83788142944436,89.25497441
23,tt66_2024_fp2_sti_smaug_0p4_0p4mm,Chromox,0.4,0.4,0.481963,0.226448,0,0,0.6669105888193165,0.5814149691143966,32.19633397776773,87.87801463496265
24,tt66_2024_fp2_sti_smaug_0p4_0p4mm,Chromox,0.4,0.4,0.481963,0.226448,0,0,0.6591666713254432,0.5730779048197873,31.057587192456026,86.70886152160824
25,tt66_2024_fp2_sti_smaug_0p4_0p4mm,Chromox,0.4,0.4,0.481963,0.226448,0,0,0.6797532088275995,0.5874790688263087,34.05138145179343,88.71337068244193
26,tt66_2024_fp2_sti_smaug_0p4_0p4mm,Chromox,0.4,0.4,0.481963,0.226448,0,0,0.6548653661163075,0.5852089106192951,30.418376470845047,88.40210831
27,tt66_2024_fp2_sti_smaug_0p4_0p4mm,Screen Out,0.4,0.4,0.481963,0.226448,0,0,0.6596812908763553,0.5695550402499601,31.13374144584636,86.20746979615001
28,tt66_2024_fp2_sti_smaug_0p4_0p4mm,Screen Out,0.4,0.4,0.481963,0.226448,0,0,0.6507023188570977,0.5722683833878791,29.79508881,86.59403777872402
29,tt66_2024_fp2_sti_smaug_0p4_0p4mm,Screen Out,0.4,0.4,0.481963,0.226448,0,0,0.672475386,0.6422886478288057,33.00520632816218,95.73457016417977
30,tt66_2024_fp2_sti_smaug_0p4_0p4mm,Screen Out,0.4,0.4,0.481963,0.226448,0,0,0.5165024788614104,0.5020374847814715,6.9185123757703035,75.66094055096839
31,tt66_2024_fp2_sti_smaug_0p4_0p4mm,Glassy C,0.4,0.4,0.481963,0.226448,0,0,0.5177090177794531,0.5053787905150484,7.151549136856882,76.2286361
32,tt66_2024_fp2_sti_smaug_0p4_0p4mm,Glassy C,0.4,0.4,0.481963,0.226448,0,0,0.5141659319816676,0.5057912234437787,6.465615232679595,76.29835018397554
33,tt66_2024_fp2_sti_smaug_0p4_0p4mm,Glassy C,0.4,0.4,0.481963,0.226448,0,0,0.5166964944025947,0.5090358762065395,6.956023468914706,76.84407105266924
34,tt66_2024_fp2_sti_smaug_0p4_0p4mm,Glassy C,0.4,0.4,0.481963,0.226448,0,0,0.515782025,0.5067462478206864,6.779091607032379,76.45947814
35,tt66_2024_fp2_sti_smaug_0p4_0p4mm,Glassy C,0.4,0.4,0.481963,0.226448,0,0,0.5168928130046717,0.5055363741378308,6.993965004738552,76.25528194274791
36,tt66_2024_fp2_sti_smaug_0p4_0p4mm,Glassy C,0.4,0.4,0.481963,0.226448,0,0,0.5133071090417983,0.5045705853934651,6.298613563703839,76.09179600919936
37,tt66_2024_fp2_sti_smaug_0p4_0p4mm,Glassy C,0.4,0.4,0.481963,0.226448,0,0,0.5148934760917163,0.5053938137967137,6.606864053454083,76.23117688495385
38,tt66_2024_fp2_sti_smaug_0p4_0p4mm,Glassy C,0.4,0.4,0.481963,0.226448,0,0,0.5105372481047616,0.5029494846343153,5.758033443180675,75.81640750322572
39,tt66_2024_fp2_sti_smaug_0p4_0p4mm,Glassy C,0.4,0.4,0.481963,0.226448,0,0,0.5186381022489642,0.5062567148437503,7.330614001230422,76.37693853339533
40,tt66_2024_fp2_sti_smaug_0p4_0p4mm,Glassy C,0.4,0.4,0.481963,0.226448,0,0,0.512354026,0.5005738885476355,6.112944864685043,75.41062872130415
41,tt66_2024_fp2_sti_smaug_0p4_0p4mm,Glassy C,0.4,0.4,0.481963,0.226448,0,0,0.5119106536267792,0.5017617345092698,6.026450850668237,75.61385723
42,tt66_2024_fp2_sti_smaug_0p4_0p4mm,Glassy C,0.4,0.4,0.481963,0.226448,0,0,0.5136222119193928,0.5047922616387508,6.3599200832557425,76.12935891001558
43,tt66_2024_fp2_sti_smaug_0p4_0p4mm,Glassy C,0.4,0.4,0.481963,0.226448,0,0,0.5160006250714644,0.5077969231400367,6.821415974760998,76.63625972021254
44,tt66_2024_fp2_sti_smaug_0p4_0p4mm,Glassy C,0.4,0.4,0.481963,0.226448,0,0,0.5161976932414888,0.505931842,6.859555475043392,76.32210120778069
45,tt66_2024_fp2_sti_smaug_0p4_0p4mm,Glassy C,0.4,0.4,0.481963,0.226448,0,0,0.5155115288529627,0.5027846082147911,6.726693841804976,75.78833012
46,tt66_2024_fp2_sti_smaug_0p4_0p4mm,Glassy C,0.4,0.4,0.481963,0.226448,0,0,0.5138721422843189,0.5036865055584311,6.408519026778549,75.94176236
47,tt66_2024_fp2_sti_smaug_0p4_0p4mm,Glassy C,0.4,0.4,0.481963,0.226448,0,0,0.5147954227737386,0.5183365352664305,6.5878395453883165,78.38200753242378
48,tt66_2024_fp2_sti_smaug_0p4_0p4mm,Glassy C,0.4,0.4,0.481963,0.226448,0,0,0.5176951147164837,0.5071452180987718,7.148867036,76.52666659766706
49,tt66_2024_fp2_sti_smaug_0p4_0p4mm,Glassy C,0.4,0.4,0.481963,0.226448,0,0,0.5131575778776224,0.5066220005392557,6.269507147395892,76.43853938454885
50,tt66_2024_fp2_sti_smaug_0p4_0p4mm,Glassy C,0.4,0.4,0.481963,0.226448,0,0,0.5109168225134617,0.502380642,5.832291452990863,75.71948365
51,tt66_2024_fp2_sti_smaug_0p4_0p4mm,Glassy C,0.4,0.4,0.481963,0.226448,0,0,0.5191030521899848,0.5057265402397312,7.420100223903358,76.28742188940053
52,tt66_2024_fp2_sti_smaug_0p4_0p4mm,Glassy C,0.4,0.4,0.481963,0.226448,0,0,0.5128466539910846,0.5039349049424467,6.208957435662651,75.98395391368378
53,tt66_2024_fp2_sti_smaug_0p4_0p4mm,Glassy C,0.4,0.4,0.481963,0.226448,0,0,0.5082506978070673,0.5024113622982171,5.3094999322437655,75.72472182508787
54,tt66_2024_fp2_sti_smaug_0p4_0p4mm,Glassy C,0.4,0.4,0.481963,0.226448,0,0,0.5155757954915411,0.5073076323638761,6.739145513629528,76.55399699190187
55,tt66_2024_fp2_sti_smaug_0p4_0p4mm,Glassy C,0.4,0.4,0.481963,0.226448,0,0,0.5151611774611314,0.5070613217632449,6.658784976142161,76.51254413200726
56,tt66_2024_fp2_sti_smaug_0p4_0p4mm,Glassy C,0.4,0.4,0.481963,0.226448,0,0,0.5142547749397535,0.5118469665502627,6.4828746790241425,77.31299263323176
57,tt66_2024_fp2_sti_smaug_0p4_0p4mm,Glassy C,0.4,0.4,0.481963,0.226448,0,0,0.518664727,0.5065011572447266,7.335740502583709,76.41816747494228
58,tt66_2024_fp2_sti_smaug_0p4_0p4mm,Glassy C,0.4,0.4,0.481963,0.226448,0,0,0.5150932815815984,0.5058696841821577,6.645619147806764,76.31160361618524
59,tt66_2024_fp2_sti_smaug_0p4_0p4mm,Glassy C,0.4,0.4,0.481963,0.226448,0,0,0.5108363376197628,0.5034359055198651,5.8165505406130995,75.89916792
60,tt66_2024_fp2_sti_smaug_0p4_0p4mm,Glassy C,0.4,0.4,0.481963,0.226448,0,0,0.5117471700526907,0.5045673553275174,5.994538639191224,76.09124850815518
61,tt66_2024_fp2_sti_smaug_0p4_0p4mm,Glassy C,0.4,0.4,0.481963,0.226448,0,0,0.520930999,0.5063844177073086,7.771110296206779,76.39848100145441
62,tt66_2024_fp2_sti_smaug_0p4_0p4mm,Glassy C,0.4,0.4,0.481963,0.226448,0,0,0.5097350636270995,0.5031566932095409,5.600911133278659,75.85167579
63,tt66_2024_fp2_sti_smaug_0p4_0p4mm,Glassy C,0.4,0.4,0.481963,0.226448,0,0,0.5097271826531209,0.5053076815250178,5.599366241348068,76.21660851169871
64,tt66_2024_fp2_sti_smaug_0p4_0p4mm,Glassy C,0.4,0.4,0.481963,0.226448,0,0,0.5167691898865459,0.5082721756089088,6.970074708516164,76.71605734124381
65,tt66_2024_fp2_sti_smaug_0p4_0p4mm,Glassy C,0.4,0.4,0.481963,0.226448,0,0,0.5178507896237678,0.5044144717092061,7.178894709438351,76.06532896925177
66,tt66_2024_fp2_sti_smaug_0p4_0p4mm,Glassy C,0.4,0.4,0.481963,0.226448,0,0,0.5134967302621825,0.5044350467605232,6.335510981218133,76.06881784784558
67,tt66_2024_fp2_sti_smaug_0p4_0p4mm,Glassy C,0.4,0.4,0.481963,0.226448,0,0,0.5105382929255501,0.5010898031003794,5.758237924571371,75.49897804072917
68,tt66_2024_fp2_sti_smaug_0p4_0p4mm,Glassy C,0.4,0.4,0.481963,0.226448,0,0,0.5104596332518639,0.5038151350958413,5.742842272447829,75.96361414558851
69,tt66_2024_fp2_sti_smaug_0p4_0p4mm,Glassy C,0.4,0.4,0.481963,0.226448,0,0,0.5092895805061689,0.5041725553491281,5.513545395708327,76.02429286058535
70,tt66_2024_fp2_sti_smaug_0p4_0p4mm,Glassy C,0.4,0.4,0.481963,0.226448,0,0,0.5172827527109922,0.5064121398454002,7.069282529381466,76.40315651618324
71,tt66_2024_fp2_sti_smaug_0p4_0p4mm,Glassy C,0.4,0.4,0.481963,0.226448,0,0,0.5103410244946994,0.5034310329902317,5.719622977272533,75.89833944276043
72,tt66_2024_fp2_sti_smaug_0p4_0p4mm,Glassy C,0.4,0.4,0.481963,0.226448,0,0,0.516699012,0.5021974987137706,6.956510133590449,75.68824598533385
73,tt66_2024_fp2_sti_smaug_0p4_0p4mm,Glassy C,0.4,0.4,0.481963,0.226448,0,0,0.5063457452982925,0.5053368019915839,4.934236475046725,76.22153431789674
74,tt66_2024_fp2_sti_smaug_0p4_0p4mm,Glassy C,0.4,0.4,0.481963,0.226448,0,0,0.5039800584873031,0.502701484,4.466192707129173,75.7741698
75,tt66_2024_fp2_sti_smaug_0p4_0p4mm,Glassy C,0.4,0.4,0.481963,0.226448,0,0,0.5099165428663341,0.5044769740856969,5.636479362313292,76.07592678947088
76,tt66_2024_fp2_sti_smaug_0p4_0p4mm,Glassy C,0.4,0.4,0.481963,0.226448,0,0,0.5088380851286957,0.5045647204451978,5.424920407,76.09080188804937
77,tt66_2024_fp2_sti_smaug_0p4_0p4mm,Glassy C,0.4,0.4,0.481963,0.226448,0,0,0.5082139097354146,0.5020012141835828,5.30226659,75.65474951947392
78,tt66_2024_fp2_sti_smaug_0p4_0p4mm,Glassy C,0.4,0.4,0.481963,0.226448,0,0,0.512117087,0.5046288096085647,6.066731923881629,76.10166427177717
79,tt66_2024_fp2_sti_smaug_0p4_0p4mm,Glassy C,0.4,0.4,0.481963,0.226448,0,0,0.5119290073617305,0.5021612887130319,6.030032868716755,75.68206801207104
80,tt66_2024_fp2_sti_smaug_0p4_0p4mm,Glassy C,0.4,0.4,0.481963,0.226448,0,0,0.5099767912439163,0.5019341820980712,5.648284601787437,75.64330618
81,tt66_2024_fp2_sti_smaug_0p4_0p4mm,Glassy C,0.4,0.4,0.481963,0.226448,0,0,0.5091307821815718,0.5009948648428227,5.482383740067621,75.48272946553503
82,tt66_2024_fp2_sti_smaug_0p4_0p4mm,Glassy C,0.4,0.4,0.481963,0.226448,0,0,0.5095072415952019,0.5056699656984426,5.556241718538173,76.27786197872199
83,tt66_2024_fp2_sti_smaug_0p4_0p4mm,Glassy C,0.4,0.4,0.481963,0.226448,0,0,0.5169033793092677,0.5053154695241117,6.996006679778237,76.21792591
84,tt66_2024_fp2_sti_smaug_0p4_0p4mm,Glassy C,0.4,0.4,0.481963,0.226448,0,0,0.5115806042094088,0.5035701837943769,5.962013963740699,75.92199480675772
85,tt66_2024_fp2_sti_smaug_0p4_0p4mm,Glassy C,0.4,0.4,0.481963,0.226448,0,0,0.5034425039189365,0.4999167060107438,4.359525866968071,75.29790578968435
86,tt66_2024_fp2_sti_smaug_0p4_0p4mm,Glassy C,0.4,0.4,0.481963,0.226448,0,0,0.5067394010880998,0.4999924308170445,5.0119026839284615,75.31090484855935
87,tt66_2024_fp2_sti_smaug_0p4_0p4mm,Glassy C,0.4,0.4,0.481963,0.226448,0,0,0.6680889855301245,0.6449316501772921,32.36827341232378,96.05082012005832
88,tt66_2024_fp2_sti_smaug_0p4_0p4mm,Screen Out,0.4,0.4,0.481963,0.226448,0,0,0.5272810214230993,0.5305277822587842,8.980587540998851,80.34068972495336
89,tt66_2024_fp2_sti_smaug_0p4_0p4mm,Screen Out,0.4,0.4,0.481963,0.226448,0,0,0.534538173,0.5333558635044502,10.344340806507152,80.78607605096829
90,tt66_2024_fp2_sti_smaug_0p4_0p4mm,Screen Out,0.4,0.4,0.481963,0.226448,0,0,0.5325158451436468,0.5316141857390215,9.966268963743392,80.51217736
91,tt66_2024_fp2_sti_smaug_0p4_0p4mm,Screen Out,0.4,0.4,0.481963,0.226448,0,0,0.5317993569527543,0.5328857423924683,9.831960441410802,80.71226794873111
92,tt66_2024_fp2_sti_smaug_0p4_0p4mm,Screen Out,0.4,0.4,0.481963,0.226448,0,0,0.5368096284626314,0.5356568786633643,10.767197101751183,81.14601738429431
93,tt66_2024_fp2_sti_smaug_0p4_0p4mm,Screen Out,0.4,0.4,0.481963,0.226448,0,0,0.5341305005705566,0.532325444,10.268248058129199,80.62418278452265
94,tt66_2024_fp2_sti_smaug_0p4_0p4mm,Screen Out,0.4,0.4,0.481963,0.226448,0,0,0.5397374801437802,0.5358633037889383,11.309474991271383,81.17820167457634
95,tt66_2024_fp2_sti_smaug_0p4_0p4mm,Screen Out,0.4,0.4,0.481963,0.226448,0,0,0.5368414959754755,0.5369394777602972,10.773116175332728,81.34570891082684
96,tt66_2024_fp2_sti_smaug_0p4_0p4mm,Screen Out,0.4,0.4,0.481963,0.226448,0,0,0.5408670516334867,0.5352742068292446,11.517857055415098,81.08630785881087
97,tt66_2024_fp2_sti_smaug_0p4_0p4mm,Screen Out,0.4,0.4,0.481963,0.226448,0,0,0.5685134601043251,0.5870542013687946,16.47832453013362,88.65524906
98,tt66_2024_fp2_sti_smaug_0p4_0p4mm,Screen Out,0.4,0.4,0.481963,0.226448,0,0,0.5383852285821342,0.5389119853168263,11.059406387275846,81.65150812985856
99,tt66_2024_fp2_sti_smaug_0p4_0p4mm,Screen Out,0.4,0.4,0.481963,0.226448,0,0,0.5393938198841816,0.5363887634788631,11.245985490299862,81.26004889051235
100,tt66_2024_fp2_sti_smaug_0p4_0p4mm,Screen Out,0.4,0.4,0.481963,0.226448,0,0,0.5446983436967364,0.536422503,12.221234213580699,81.26530037210188
101,tt66_2024_fp2_sti_smaug_0p4_0p4mm,Screen Out,0.4,0.4,0.481963,0.226448,0,0,0.5411757132376684,0.5353782823931047,11.574718554103573,81.10255304468369
102,tt66_2024_fp2_sti_smaug_0p4_0p4mm,Screen Out,0.4,0.4,0.481963,0.226448,0,0,0.5449992608282209,0.5384470791909952,12.276256534954591,81.57957546830778
103,tt66_2024_fp2_sti_smaug_0p4_0p4mm,Screen Out,0.4,0.4,0.481963,0.226448,0,0,0.5437710759831267,0.5390295754469924,12.051481457099113,81.66968843325391
104,tt66_2024_fp2_sti_smaug_0p4_0p4mm,Screen Out,0.4,0.4,0.481963,0.226448,0,0,0.5408355800465785,0.5367256682572916,11.512057446129317,81.31246691616371
105,tt66_2024_fp2_sti_smaug_0p4_0p4mm,Screen Out,0.4,0.4,0.481963,0.226448,0,0,0.5469319558094125,0.5396313555070325,12.62888022583464,81.76264071226691
106,tt66_2024_fp2_sti_smaug_0p4_0p4mm,Screen Out,0.4,0.4,0.481963,0.226448,0,0,0.5427648807309381,0.538584383,11.866932065431488,81.60082899
107,tt66_2024_fp2_sti_smaug_0p4_0p4mm,Screen Out,0.4,0.4,0.481963,0.226448,0,0,0.5454236936852113,0.5422883142177086,12.35380876066816,82.17130071
108,tt66_2024_fp2_sti_smaug_0p4_0p4mm,Screen Out,0.4,0.4,0.481963,0.226448,0,0,0.5445875982260406,0.5403937146108239,12.200976422255435,81.88018690927709
109,tt66_2024_fp2_sti_smaug_0p4_0p4mm,Screen Out,0.4,0.4,0.481963,0.226448,0,0,0.548392821,0.5400779515990932,12.894539880533223,81.83152858551287
110,tt66_2024_fp2_sti_smaug_0p4_0p4mm,Screen Out,0.4,0.4,0.481963,0.226448,0,0,0.545614964,0.5429132410780058,12.388736654349511,82.26700909304562
111,tt66_2024_fp2_sti_smaug_0p4_0p4mm,Screen Out,0.4,0.4,0.481963,0.226448,0,0,0.5423166992498347,0.5382830834036776,11.784612990775233,81.55418033114515
112,tt66_2024_fp2_sti_smaug_0p4_0p4mm,Screen Out,0.4,0.4,0.481963,0.226448,0,0,0.7466916396691453,0.6795296408326796,43.092441296674224,100.02049066382136
113,tt66_2024_fp2_sti_smaug_0p4_0p4mm,Glassy C,0.4,0.4,0.481963,0.226448,0,0,0.541922095,0.5201619156361499,11.712074922980698,78.67935035014654
114,tt66_2024_fp2_sti_smaug_0p4_0p4mm,Glassy C,0.4,0.4,0.481963,0.226448,0,0,0.545498625,0.523038191,12.367493441686959,79.14493807470227
115,tt66_2024_fp2_sti_smaug_0p4_0p4mm,Glassy C,0.4,0.4,0.481963,0.226448,0,0,0.5349464948571806,0.508595173,10.420493687026074,76.77023160310658
116,tt66_2024_fp2_sti_smaug_0p4_0p4mm,Glassy C,0.4,0.4,0.481963,0.226448,0,0,0.5494114128023142,0.5309012582437603,13.079326375579228,80.39969800716939
117,tt66_2024_fp2_sti_smaug_0p4_0p4mm,Glassy C,0.4,0.4,0.481963,0.226448,0,0,0.5433140119261239,0.5238718141835335,11.967694820518341,79.27921096077613
118,tt66_2024_fp2_sti_smaug_0p4_0p4mm,Glassy C,0.4,0.4,0.481963,0.226448,0,0,0.5496393964567129,0.5266801764146178,13.120635758343294,79.72937032947543
119,tt66_2024_fp2_sti_smaug_0p4_0p4mm,Glassy C,0.4,0.4,0.481963,0.226448,0,0,0.5510430765490085,0.5302084672861942,13.374573125413983,80.29019255611577
120,tt66_2024_fp2_sti_smaug_0p4_0p4mm,Glassy C,0.4,0.4,0.481963,0.226448,0,0,0.5877851780369681,0.5054776654790664,19.78450259782749,76.24535622655982
121,tt66_2024_fp2_sti_smaug_0p4_0p4mm,Glassy C,0.4,0.4,0.481963,0.226448,0,0,0.5893877620176267,0.5110227744281466,20.054078612931303,77.17587850143975
122,tt66_2024_fp2_sti_smaug_0p4_0p4mm,Glassy C,0.4,0.4,0.481963,0.226448,0,0,0.5885993989080651,0.5086405125139424,19.921566275227004,76.77783225012378
123,tt66_2024_fp2_sti_smaug_0p4_0p4mm,Glassy C,0.4,0.4,0.481963,0.226448,0,0,0.5873553895888871,0.5074107798900379,19.71206903668917,76.57134794575535
124,tt66_2024_fp2_sti_smaug_0p4_0p4mm,Glassy C,0.4,0.4,0.481963,0.226448,0,0,0.5854287544937921,0.5042119993255949,19.386650507312655,76.03098556975155
125,tt66_2024_fp2_sti_smaug_0p4_0p4mm,Glassy C,0.4,0.4,0.481963,0.226448,0,0,0.5857867696681428,0.5054089090274122,19.447209939536922,76.23372973225933
126,tt66_2024_fp2_sti_smaug_0p4_0p4mm,Glassy C,0.4,0.4,0.481963,0.226448,0,0,0.5841793606104682,0.4988575767074037,19.174992831527597,75.11580924112948
127,tt66_2024_fp2_sti_smaug_0p4_0p4mm,Glassy C,0.4,0.4,0.481963,0.226448,0,0,0.5808886626299111,0.498142308,18.61514002530331,74.99253168230291
128,tt66_2024_fp2_sti_smaug_0p4_0p4mm,Glassy C,0.4,0.4,0.481963,0.226448,0,0,0.5846595258220895,0.5008485167912681,19.25639546060348,75.45767385271837
129,tt66_2024_fp2_sti_smaug_0p4_0p4mm,Glassy C,0.4,0.4,0.481963,0.226448,0,0,0.5833242998072777,0.5030058132199878,19.029852289727877,75.82599698785421
130,tt66_2024_fp2_sti_smaug_0p4_0p4mm,Glassy C,0.4,0.4,0.481963,0.226448,0,0,0.5812274040239515,0.4995382880884735,18.672930765412598,75.23290524
131,tt66_2024_fp2_sti_smaug_0p4_0p4mm,Glassy C,0.4,0.4,0.481963,0.226448,0,0,0.5858675623432943,0.5032828902372131,19.46087066758636,75.87314555019661
132,tt66_2024_fp2_sti_smaug_0p4_0p4mm,Glassy C,0.4,0.4,0.481963,0.226448,0,0,0.5852554629216281,0.5041078022840767,19.357323080572208,76.01330423110066
133,tt66_2024_fp2_sti_smaug_0p4_0p4mm,Glassy C,0.4,0.4,0.481963,0.226448,0,0,0.5855215037486527,0.5026156994190004,19.40234324432618,75.75955287283725
134,tt66_2024_fp2_sti_smaug_0p4_0p4mm,Glassy C,0.4,0.4,0.481963,0.226448,0,0,0.5833372747752957,0.5005338294981534,19.032056439988935,75.40376344409022
135,tt66_2024_fp2_sti_smaug_0p4_0p4mm,Glassy C,0.4,0.4,0.481963,0.226448,0,0,0.583265715,0.5016118732361375,19.019899476846337,75.58825403000652
136,tt66_2024_fp2_sti_smaug_0p4_0p4mm,Glassy C,0.4,0.4,0.481963,0.226448,0,0,0.5808960320266866,0.4975197982521664,18.61639766809689,74.88504292776541
137,tt66_2024_fp2_sti_smaug_0p4_0p4mm,Glassy C,0.4,0.4,0.481963,0.226448,0,0,0.5840739314362737,0.5023405633858434,19.15710955692679,75.71264898
138,tt66_2024_fp2_sti_smaug_0p4_0p4mm,Glassy C,0.4,0.4,0.481963,0.226448,0,0,0.671731727,0.502033629,32.897563444163566,75.66028244776282
139,tt66_2024_fp2_sti_smaug_0p4_0p4mm,Glassy C,0.4,0.4,0.481963,0.226448,0,0,0.6688097784237707,0.500602299,32.47327047,75.41549725951313
140,tt66_2024_fp2_sti_smaug_0p4_0p4mm,Glassy C,0.4,0.4,0.481963,0.226448,0,0,0.6707562855171044,0.5023594391060442,32.75615978480184,75.71586795120463
141,tt66_2024_fp2_sti_smaug_0p4_0p4mm,Glassy C,0.4,0.4,0.481963,0.226448,0,0,0.6711897896112823,0.5020287529216663,32.81903166970077,75.65945016540554
142,tt66_2024_fp2_sti_smaug_0p4_0p4mm,Glassy C,0.4,0.4,0.481963,0.226448,0,0,0.669833712,0.5039845330534785,32.62219976957607,75.99237999251567
143,tt66_2024_fp2_sti_smaug_0p4_0p4mm,Glassy C,0.4,0.4,0.481963,0.226448,0,0,0.6731940466507143,0.4975097104456941,33.10909927012495,74.88329954
144,tt66_2024_fp2_sti_smaug_0p4_0p4mm,Glassy C,0.4,0.4,0.481963,0.226448,0,0,0.6633495043881873,0.4976613260105135,31.67458727521392,74.90949674816802
145,tt66_2024_fp2_sti_smaug_0p4_0p4mm,Glassy C,0.4,0.4,0.481963,0.226448,0,0,0.6686825936124245,0.4963922714590232,32.454753166215646,74.68988160113211
146,tt66_2024_fp2_sti_smaug_0p4_0p4mm,Screen Out,0.4,0.4,0.481963,0.226448,0,0,0.6627268002245514,0.4999799452360289,31.58301929292834,75.30876173745041
147,tt66_2024_fp2_sti_smaug_0p4_0p4mm,Screen Out,0.4,0.4,0.481963,0.226448,0,0,0.6657033387412363,0.5008780690912545,32.01981839822248,75.46273419
148,tt66_2024_fp2_sti_smaug_0p4_0p4mm,Screen Out,0.4,0.4,0.481963,0.226448,0,0,0.6650728471087112,0.4994360752191125,31.927484667592406,75.21533659123446
149,tt66_2024_fp2_sti_smaug_0p4_0p4mm,Screen Out,0.4,0.4,0.481963,0.226448,0,0,0.6716558496133874,0.4990838418888184,32.88657248916473,75.15475576621144
150,tt66_2024_fp2_sti_smaug_0p4_0p4mm,Screen Out,0.4,0.4,0.481963,0.226448,0,0,0.6708717935103841,0.4971645608731574,32.77291673946732,74.82362123357656
151,tt66_2024_fp2_sti_smaug_0p4_0p4mm,Screen Out,0.4,0.4,0.481963,0.226448,0,0,0.6666034693418111,0.4961501875442463,32.151464328855056,74.64790036654549
152,tt66_2024_fp2_sti_smaug_0p4_0p4mm,Screen Out,0.4,0.4,0.481963,0.226448,0,0,0.6646593437535169,0.4963857510816089,31.866873125017374,74.68875123157679
153,tt66_2024_fp2_sti_smaug_0p4_0p4mm,Screen Out,0.4,0.4,0.481963,0.226448,0,0,0.6689940106047118,0.499112858,32.50008626,75.15974843
154,tt66_2024_fp2_sti_smaug_0p4_0p4mm,Screen Out,0.4,0.4,0.481963,0.226448,0,0,0.6715182128484426,0.4977859688537911,32.866632024348114,74.93102519983263
155,tt66_2024_fp2_sti_smaug_0p4_0p4mm,Screen Out,0.4,0.4,0.481963,0.226448,0,0,0.6688896064206583,0.4962651350223474,32.48489083272461,74.66783761000946
156,tt66_2024_fp2_sti_smaug_0p4_0p4mm,Screen Out,0.4,0.4,0.481963,0.226448,0,0,0.6729447542925063,0.4994297090044599,33.073075071610596,75.21424218381188
157,tt66_2024_fp2_sti_smaug_0p4_0p4mm,Screen Out,0.4,0.4,0.481963,0.226448,0,0,0.6674476530562342,0.4987993281987371,32.27474055,75.10577912094163
158,tt66_2024_fp2_sti_smaug_0p4_0p4mm,Screen Out,0.4,0.4,0.481963,0.226448,0,0,0.6628062584420501,0.495893218,31.594709083674203,74.60330698980874
159,tt66_2024_fp2_sti_smaug_0p4_0p4mm,Screen Out,0.4,0.4,0.481963,0.226448,0,0,0.6731366090176182,0.4990602837363734,33.100800576013754,75.15070188652236
160,tt66_2024_fp2_sti_smaug_0p4_0p4mm,Screen Out,0.4,0.4,0.481963,0.226448,0,0,0.6696142425581908,0.4965401815361517,32.59030061089602,74.71551774533293
161,tt66_2024_fp2_sti_smaug_0p4_0p4mm,Screen Out,0.4,0.4,0.481963,0.226448,0,0,0.6720809006152422,0.4959250775233363,32.948122773126194,74.60883742988906
162,tt66_2024_fp2_sti_smaug_0p4_0p4mm,Screen Out,0.4,0.4,0.481963,0.226448,0,0,0.6701611657807958,0.495422162,32.66977143,74.52147945
163,tt66_2024_fp2_sti_smaug_0p4_0p4mm,Screen Out,0.4,0.4,0.481963,0.226448,0,0,0.66510509,0.49990292,31.93220897,75.29553897558169
164,tt66_2024_fp2_sti_smaug_0p4_0p4mm,Screen Out,0.4,0.4,0.481963,0.226448,0,0,0.5986903715054025,0.5101247263346609,21.603110596471026,77.02612823
165,tt66_2024_fp2_sti_smaug_0p4_0p4mm,Chromox,0.4,0.4,0.481963,0.226448,0,0,0.5948211139317194,0.5073084091664946,20.962068899704434,76.55412767993019
166,tt66_2024_fp2_sti_smaug_0p4_0p4mm,Chromox,0.4,0.4,0.481963,0.226448,0,0,0.5918314958635073,0.5090259003342783,20.463598255857132,76.84240058167791
167,tt66_2024_fp2_sti_smaug_0p4_0p4mm,Chromox,0.4,0.4,0.481963,0.226448,0,0,0.594210106,0.5132748747964269,20.860418364939353,77.54981887652512
168,tt66_2024_fp2_sti_smaug_0p4_0p4mm,Chromox,0.4,0.4,0.481963,0.226448,0,0,0.6669904641482568,0.645062658,32.20799970091418,96.06644600756073
169,tt66_2024_fp2_sti_smaug_0p4_0p4mm,Screen Out,0.4,0.4,0.481963,0.226448,0,0,1.3772707570344644,0.8602474232656322,96.30932674786501,116.64711375354823
170,tt66_2024_fp2_sti_smaug_0p4_0p4mm,Screen Out,0.4,0.4,0.481963,0.226448,0,0,1.3829845891617505,0.8669042344513817,96.62701455,117.15460293045405
171,tt66_2024_fp2_sti_smaug_0p4_0p4mm,Screen Out,0.4,0.4,0.481963,0.226448,0,0,1.3879476480084332,0.8632277269852704,96.90138392156452,116.87508700354451
172,tt66_2024_fp2_sti_smaug_0p4_0p4mm,Screen Out,0.4,0.4,0.481963,0.226448,0,0,1.3838321935150883,0.8653228782838084,96.67397543414191,117.03460698421951
173,tt66_2024_fp2_sti_smaug_0p4_0p4mm,Screen Out,0.4,0.4,0.481963,0.226448,0,0,1.3962022416144608,0.8627724897672868,97.35450548840802,116.84034513585735
174,tt66_2024_fp2_sti_smaug_0p4_0p4mm,Screen Out,0.4,0.4,0.481963,0.226448,0,0,1.3726977931394382,0.8618185325896701,96.05366074856907,116.76744870169338
175,tt66_2024_fp2_sti_smaug_0p4_0p4mm,Screen Out,0.4,0.4,0.481963,0.226448,0,0,1.3806905817355777,0.8691516970122578,96.49970241897198,117.32454814745483
176,tt66_2024_fp2_sti_smaug_0p4_0p4mm,Screen Out,0.4,0.4,0.481963,0.226448,0,0,1.3807818367217943,0.8738153605607356,96.50477284946949,117.67498287515689
177,tt66_2024_fp2_sti_smaug_0p4_0p4mm,Screen Out,0.4,0.4,0.481963,0.226448,0,0,1.387595269069103,0.8727306554838732,96.88195164091235,117.59374188345586
178,tt66_2024_fp2_sti_smaug_0p4_0p4mm,Screen Out,0.4,0.4,0.481963,0.226448,0,0,1.3946936316909198,0.8705925719777249,97.27199065377498,117.43313573471083
179,tt66_2024_fp2_sti_smaug_0p4_0p4mm,Screen Out,0.4,0.4,0.481963,0.226448,0,0,1.3824660235068276,0.8749483888146663,96.59826275532447,117.75967224889649
180,tt66_2024_fp2_sti_smaug_0p4_0p4mm,Screen Out,0.4,0.4,0.481963,0.226448,0,0,1.3815915357220343,0.8772750647256689,96.54974066787622,117.93303692306772
181,tt66_2024_fp2_sti_smaug_0p4_0p4mm,Screen Out,0.4,0.4,0.481963,0.226448,0,0,1.3864382109203006,0.8751468757766714,96.81809299136474,117.77449043039731
182,tt66_2024_fp2_sti_smaug_0p4_0p4mm,Screen Out,0.4,0.4,0.481963,0.226448,0,0,1.388496292932416,0.8746265616814507,96.93162490707797,117.73563466794062
183,tt66_2024_fp2_sti_smaug_0p4_0p4mm,Screen Out,0.4,0.4,0.481963,0.226448,0,0,1.3921623782834092,0.8741357658023535,97.13324293352235,117.69894958066597
184,tt66_2024_fp2_sti_smaug_0p4_0p4mm,Screen Out,0.4,0.4,0.481963,0.226448,0,0,1.3964081739335872,0.8750624926245036,97.36575886847793,117.76819140035397
185,tt66_2024_fp2_sti_smaug_0p4_0p4mm,Screen Out,0.4,0.4,0.481963,0.226448,0,0,1.3931649976508236,0.8722927679632659,97.18824515365195,117.56090004022832
186,tt66_2024_fp2_sti_smaug_0p4_0p4mm,Screen Out,0.4,0.4,0.481963,0.226448,0,0,1.391750532841037,0.8751914985521427,97.11063264420817,117.7778210394181
187,tt66_2024_fp2_sti_smaug_0p4_0p4mm,Screen Out,0.4,0.4,0.481963,0.226448,0,0,1.3906767268076137,0.875319987,97.05163399013705,117.78740978034952
188,tt66_2024_fp2_sti_smaug_0p4_0p4mm,Screen Out,0.4,0.4,0.481963,0.226448,0,0,1.3909907839831617,0.8741530790853538,97.06889638781756,117.70024423810746
189,tt66_2024_fp2_sti_smaug_0p4_0p4mm,Screen Out,0.4,0.4,0.481963,0.226448,0,0,1.3885777110000523,0.8730907745048667,96.93611111146002,117.62073143733497
190,tt66_2024_fp2_sti_smaug_0p4_0p4mm,Screen Out,0.4,0.4,0.481963,0.226448,0,0,1.3880439859684524,0.8780888939091841,96.90669529763332,117.99350433698821
191,tt66_2024_fp2_sti_smaug_0p4_0p4mm,Screen Out,0.4,0.4,0.481963,0.226448,0,0,1.3931762572088242,0.8748741801854855,97.18886250242345,117.7541307805636
192,tt66_2024_fp2_sti_smaug_0p4_0p4mm,Screen Out,0.4,0.4,0.481963,0.226448,0,0,1.3895328634319997,0.8719178341598137,96.98871166807429,117.53275895613793
193,tt66_2024_fp2_sti_smaug_0p4_0p4mm,Screen Out,0.4,0.4,0.481963,0.226448,0,0,1.386607407516452,0.8758220479068373,96.82743597752146,117.82485592164466
194,tt66_2024_fp2_sti_smaug_0p4_0p4mm,Screen Out,0.4,0.4,0.481963,0.226448,0,0,1.3809022171565577,0.871884868,96.51146083,117.53028369298406
195,tt66_2024_fp2_sti_smaug_0p4_0p4mm,Screen Out,0.4,0.4,0.481963,0.226448,0,0,1.394249974230658,0.8725946435768028,97.24769914297622,117.58354370562675
196,tt66_2024_fp2_sti_smaug_0p4_0p4mm,Screen Out,0.4,0.4,0.481963,0.226448,0,0,1.4016728382580417,0.8775642769484544,97.65261624121314,117.95453556878418
197,tt66_2024_fp2_sti_smaug_0p4_0p4mm,Chromox,0.4,0.4,0.481963,0.226448,0,0,1.3942381493207183,0.871984365,97.24705153826487,117.53775387638912
198,tt66_2024_fp2_sti_smaug_0p4_0p4mm,Glassy C,0.4,0.4,0.481963,0.226448,0,0,0.5806336229835994,0.5059438875268388,18.57160484974031,76.32413528518134
199,tt66_2024_fp2_sti_smaug_0p4_0p4mm,Glassy C,0.4,0.4,0.481963,0.226448,0,0,0.5754028065254437,0.4987258864155221,17.674073806583852,75.09313049353456
200,tt66_2024_fp2_sti_smaug_0p4_0p4mm,Screen Out,0.4,0.4,0.481963,0.226448,0,0,0.5758096602682935,0.5022803599144268,17.744202283407525,75.70238104821864
201,tt66_2024_fp2_sti_smaug_0p4_0p4mm,Screen Out,0.4,0.4,0.481963,0.226448,0,0,0.5858442827674039,0.4999414038716269,19.456934681729816,75.30214577
202,tt66_2024_fp2_sti_smaug_0p4_0p4mm,Screen Out,0.4,0.4,0.481963,0.226448,0,0,0.5805688911592185,0.5040333774619247,18.560551825252013,76.00067189293775
203,tt66_2024_fp2_sti_smaug_0p4_0p4mm,Screen Out,0.4,0.4,0.481963,0.226448,0,0,0.5761259387735247,0.5001508807434747,17.798681249361312,75.33809588680205
204,tt66_2024_fp2_sti_smaug_0p4_0p4mm,Screen Out,0.4,0.4,0.481963,0.226448,0,0,0.5775166395441699,0.5004704919767935,18.037843480461948,75.39290718320083
205,tt66_2024_fp2_sti_smaug_0p4_0p4mm,Screen Out,0.4,0.4,0.481963,0.226448,0,0,0.5743738686531326,0.5012750733176353,17.496477003772437,75.53067461904683
206,tt66_2024_fp2_sti_smaug_0p4_0p4mm,Screen Out,0.4,0.4,0.481963,0.226448,0,0,0.5786853585531482,0.4987403270618344,18.238345965120644,75.09561775905885
207,tt66_2024_fp2_sti_smaug_0p4_0p4mm,Screen Out,0.4,0.4,0.481963,0.226448,0,0,0.573792006,0.5004316680107291,17.39589309863117,75.38625169157572
208,tt66_2024_fp2_sti_smaug_0p4_0p4mm,Screen Out,0.4,0.4,0.481963,0.226448,0,0,0.5762457264275088,0.4989892755552257,17.819306167660404,75.13848122751386
209,tt66_2024_fp2_sti_smaug_0p4_0p4mm,Screen Out,0.4,0.4,0.481963,0.226448,0,0,0.5781168810364037,0.5012404344004279,18.14087462,75.52474972
210,tt66_2024_fp2_sti_smaug_0p4_0p4mm,Screen Out,0.4,0.4,0.481963,0.226448,0,0,0.5768542977337652,0.4992784115388767,17.924017285487377,75.18822718890706
211,tt66_2024_fp2_sti_smaug_0p4_0p4mm,Screen Out,0.4,0.4,0.481963,0.226448,0,0,0.578959945,0.5017676093294696,18.28538919574629,75.61486071
212,tt66_2024_fp2_sti_smaug_0p4_0p4mm,Screen Out,0.4,0.4,0.481963,0.226448,0,0,0.5770985956706977,0.4988421743338084,17.966017474261985,75.11315718126394
213,tt66_2024_fp2_sti_smaug_0p4_0p4mm,Screen Out,0.4,0.4,0.481963,0.226448,0,0,0.5804663898104738,0.4997725220173954,18.54304686,75.27314740655274
214,tt66_2024_fp2_sti_smaug_0p4_0p4mm,Screen Out,0.4,0.4,0.481963,0.226448,0,0,0.5784578513768915,0.5015742341525667,18.199350050802735,75.58182188565148
215,tt66_2024_fp2_sti_smaug_0p4_0p4mm,Screen Out,0.4,0.4,0.481963,0.226448,0,0,0.5784000448259724,0.5020616828167063,18.189439041003123,75.66507057286456
216,tt66_2024_fp2_sti_smaug_0p4_0p4mm,Screen Out,0.4,0.4,0.481963,0.226448,0,0,0.5832755016400649,0.4990021369894487,19.02156211666814,75.14069488511593
217,tt66_2024_fp2_sti_smaug_0p4_0p4mm,Screen Out,0.4,0.4,0.481963,0.226448,0,0,0.5758507530613471,0.4990513572650612,17.751282357529004,75.14916575328284
218,tt66_2024_fp2_sti_smaug_0p4_0p4mm,Screen Out,0.4,0.4,0.481963,0.226448,0,0,0.5787713105383222,0.5001413960984732,18.253074229152077,75.33646859370904
219,tt66_2024_fp2_sti_smaug_0p4_0p4mm,Screen Out,0.4,0.4,0.481963,0.226448,0,0,0.5783134303282755,0.5005716918329882,18.174586847779725,75.41025227029483
220,tt66_2024_fp2_sti_smaug_0p4_0p4mm,Screen Out,0.4,0.4,0.481963,0.226448,0,0,0.5787309538120811,0.5012943871303023,18.24615921761445,75.53397795450688
221,tt66_2024_fp2_sti_smaug_0p4_0p4mm,Screen Out,0.4,0.4,0.481963,0.226448,0,0,0.5800240861428728,0.501328043,18.467472424552692,75.53973392170141
222,tt66_2024_fp2_sti_smaug_0p4_0p4mm,Screen Out,0.4,0.4,0.481963,0.226448,0,0,0.5782666693894102,0.4990562100069359,18.166567522086382,75.15000085370414
223,tt66_2024_fp2_sti_smaug_0p4_0p4mm,Screen Out,0.4,0.4,0.481963,0.226448,0,0,0.5829805808871977,0.5057130461752991,18.971442750617953,76.28514180975303
224,tt66_2024_fp2_sti_smaug_0p4_0p4mm,Screen Out,0.4,0.4,0.481963,0.226448,0,0,0.6253302033028598,0.5194740180517574,25.895075103002682,78.56746709719063
225,tt66_2024_fp2_sti_smaug_0p4_0p4mm,Screen Out,0.4,0.4,0.481963,0.226448,0,0,0.6178229758093594,0.5106316692561925,24.70662088764621,77.11070623965796
226,tt66_2024_fp2_sti_smaug_0p4_0p4mm,Screen Out,0.4,0.4,0.481963,0.226448,0,0,0.6300530095440742,0.509584513,26.634510343927694,76.93587119
227,tt66_2024_fp2_sti_smaug_0p4_0p4mm,Screen Out,0.4,0.4,0.481963,0.226448,0,0,0.6245280248137333,0.5110816186266031,25.76885336014952,77.18567809022666
228,tt66_2024_fp2_sti_smaug_0p4_0p4mm,Screen Out,0.4,0.4,0.481963,0.226448,0,0,0.6190759807811969,0.5135621110655111,24.906108353023797,77.59734813679962
229,tt66_2024_fp2_sti_smaug_0p4_0p4mm,Screen Out,0.4,0.4,0.481963,0.226448,0,0,0.6270250322481924,0.5099985922199596,26.161153778028762,77.00506601
230,tt66_2024_fp2_sti_smaug_0p4_0p4mm,Screen Out,0.4,0.4,0.481963,0.226448,0,0,0.622587277,0.5102331826780299,25.462720800773578,77.04423279725867
231,tt66_2024_fp2_sti_smaug_0p4_0p4mm,Screen Out,0.4,0.4,0.481963,0.226448,0,0,0.6255527154350132,0.5099359545533215,25.930054704210438,76.99460392
232,tt66_2024_fp2_sti_smaug_0p4_0p4mm,Screen Out,0.4,0.4,0.481963,0.226448,0,0,0.6825605615320601,0.5162932053862735,34.45143888169198,78.04742844
233,tt66_2024_fp2_sti_smaug_0p4_0p4mm,Screen Out,0.4,0.4,0.481963,0.226448,0,0,0.6773942040188276,0.51356161,33.71371710830441,77.59726525996726
234,tt66_2024_fp2_sti_smaug_0p4_0p4mm,Screen Out,0.4,0.4,0.481963,0.226448,0,0,0.6719007381247462,0.5155025438645766,32.922039552682726,77.91746936635062
235,tt66_2024_fp2_sti_smaug_0p4_0p4mm,Screen Out,0.4,0.4,0.481963,0.226448,0,0,0.6889173749501145,0.5337344883405762,35.350216704918616,80.84545304677054
236,tt66_2024_fp2_sti_smaug_0p4_0p4mm,Screen Out,0.4,0.4,0.481963,0.226448,0,0,0.6723837370138681,0.5162943023576392,32.99194789712139,78.04760855483758
237,tt66_2024_fp2_sti_smaug_0p4_0p4mm,Screen Out,0.4,0.4,0.481963,0.226448,0,0,0.6848844352108576,0.5135182710691297,34.781142604849336,77.59009627678309
238,tt66_2024_fp2_sti_smaug_0p4_0p4mm,Screen Out,0.4,0.4,0.481963,0.226448,0,0,0.6841420151949461,0.5205420347425214,34.675953290732814,78.74108651098462
239,tt66_2024_fp2_sti_smaug_0p4_0p4mm,Screen Out,0.4,0.4,0.481963,0.226448,0,0,0.6780962743080913,0.5099758199446142,33.814353913091814,77.00126266
240,tt66_2024_fp2_sti_smaug_0p4_0p4mm,Screen Out,0.4,0.4,0.481963,0.226448,0,0,0.668001186,0.5139630195754927,32.355474776320094,77.66362519572888
241,tt66_2024_fp2_sti_smaug_0p4_0p4mm,Screen Out,0.4,0.4,0.481963,0.226448,0,0,0.6506759993562068,0.505427242,29.79113370669798,76.23683006241069
242,tt66_2024_fp2_sti_smaug_0p4_0p4mm,Screen Out,0.4,0.4,0.481963,0.226448,0,0,0.6580744266436365,0.5080078967615399,30.895727197680333,76.67169615
243,tt66_2024_fp2_sti_smaug_0p4_0p4mm,Screen Out,0.4,0.4,0.481963,0.226448,0,0,0.661044518,0.5097978921094696,31.335142647962282,76.97153767
244,tt66_2024_fp2_sti_smaug_0p4_0p4mm,Screen Out,0.4,0.4,0.481963,0.226448,0,0,0.660903476,0.5093054020189692,31.314327534324363,76.88918630692967
245,tt66_2024_fp2_sti_smaug_0p4_0p4mm,Screen Out,0.4,0.4,0.481963,0.226448,0,0,0.6517422961330338,0.5067640921914015,29.951222193657497,76.46248477806783
246,tt66_2024_fp2_sti_smaug_0p4_0p4mm,Screen Out,0.4,0.4,0.481963,0.226448,0,0,0.6627262490385385,0.5077994348575444,31.582938197483276,76.63668172354761
247,tt66_2024_fp2_sti_smaug_0p4_0p4mm,Screen Out,0.4,0.4,0.481963,0.226448,0,0,0.5916879908718641,0.5092874658674849,20.439601286589664,76.88618504587022
248,tt66_2024_fp2_sti_smaug_0p4_0p4mm,Screen Out,0.4,0.4,0.481963,0.226448,0,0,0.593736161,0.5148486879610549,20.78149076769251,77.80978726730974
249,tt66_2024_fp2_sti_smaug_0p4_0p4mm,Glassy C,0.4,0.4,0.481963,0.226448,0,0,0.5902437061108178,0.513765351,20.197729690309636,77.63095613792682
250,tt66_2024_fp2_sti_smaug_0p4_0p4mm,Screen Out,0.4,0.4,0.481963,0.226448,0,0,0.5908774185941646,0.5144146401742044,20.303936486077703,77.73819991962147
251,tt66_2024_fp2_sti_smaug_0p4_0p4mm,Screen Out,0.4,0.4,0.481963,0.226448,0,0,0.5851117662698109,0.5148610154738125,19.332996998961857,77.81181921535689
252,tt66_2024_fp2_sti_smaug_0p4_0p4mm,Screen Out,0.4,0.4,0.481963,0.226448,0,0,0.5975257529703331,0.5126375175916166,21.410645113689114,77.44422283477927
253,tt66_2024_fp2_sti_smaug_0p4_0p4mm,Screen Out,0.4,0.4,0.481963,0.226448,0,0,0.534312939,0.5106855278268833,10.302308082555612,77.11968513081577
254,tt66_2024_fp2_sti_smaug_0p4_0p4mm,Screen Out,0.4,0.4,0.481963,0.226448,0,0,0.536296944,0.5342547774450402,10.671920153877108,80.92694980787786
255,tt66_2024_fp2_sti_smaug_0p4_0p4mm,Screen Out,0.4,0.4,0.481963,0.226448,0,0,0.5363500160339931,0.5037924138867371,10.681787461740079,75.95975479104455
256,tt66_2024_fp2_sti_smaug_0p4_0p4mm,Screen Out,0.4,0.4,0.481963,0.226448,0,0,0.5298739364174971,0.5161132762776791,9.470090425267593,78.01787826311575
257,tt66_2024_fp2_sti_smaug_0p4_0p4mm,Screen Out,0.4,0.4,0.481963,0.226448,0,0,0.5323192059646187,0.5162267136859084,9.92942707,78.03651002138778
258,tt66_2024_fp2_sti_smaug_0p4_0p4mm,Screen Out,0.4,0.4,0.481963,0.226448,0,0,0.5240572228804947,0.5196522924375584,8.368464554314457,78.59648237896833
259,tt66_2024_fp2_sti_smaug_0p4_0p4mm,Screen Out,0.4,0.4,0.481963,0.226448,0,0,0.5301338873093852,0.5101932830676882,9.519026866577043,77.03757299239379
260,tt66_2024_fp2_sti_smaug_0p4_0p4mm,Screen Out,0.4,0.4,0.481963,0.226448,0,0,0.5349589780337985,0.5292167960651537,10.422820861097996,80.13309542583188
261,tt66_2024_fp2_sti_smaug_0p4_0p4mm,Screen Out,0.4,0.4,0.481963,0.226448,0,0,0.5305800978311687,0.5144533031721573,9.602968591718176,77.74457999711086
262,tt66_2024_fp2_sti_smaug_0p4_0p4mm,Screen Out,0.4,0.4,0.481963,0.226448,0,0,0.5130798609281375,0.5040296871787613,6.254375997253613,76.00004546362878
263,tt66_2024_fp2_sti_smaug_0p4_0p4mm,Screen Out,0.4,0.4,0.481963,0.226448,0,0,0.513921547,0.505159947,6.418122852045521,76.19161278992762
264,tt66_2024_fp2_sti_smaug_0p4_0p4mm,Screen Out,0.4,0.4,0.481963,0.226448,0,0,0.5165719603250057,0.50587089,6.931947643323604,76.31180731707637
265,tt66_2024_fp2_sti_smaug_0p4_0p4mm,Chromox,0.4,0.4,0.481963,0.226448,0,0,0.6590258776088899,0.6369946571082847,31.036740337022604,95.09529179001355
266,tt66_2024_fp2_sti_smaug_0p4_0p4mm,Screen Out,0.4,0.4,0.481963,0.226448,0,0,0.5322395369945991,0.5338798824907587,9.914496397057802,80.86823844566699
267,tt66_2024_fp2_sti_smaug_0p4_0p4mm,Screen Out,0.4,0.4,0.481963,0.226448,0,0,0.5311031796653121,0.5343424654841417,9.701277300866286,80.94067406278756
268,tt66_2024_fp2_sti_smaug_0p4_0p4mm,Screen Out,0.4,0.4,0.481963,0.226448,0,0,0.5366851653698578,0.5343602820344009,10.744075772224829,80.94346218
269,tt66_2024_fp2_sti_smaug_0p4_0p4mm,Screen Out,0.4,0.4,0.481963,0.226448,0,0,0.5329729707871615,0.5360008074965872,10.051859872027078,81.19963057269857
270,tt66_2024_fp2_sti_smaug_0p4_0p4mm,Screen Out,0.4,0.4,0.481963,0.226448,0,0,0.5371863535478676,0.535385153,10.837146362429378,81.10362532351539
271,tt66_2024_fp2_sti_smaug_0p4_0p4mm,Screen Out,0.4,0.4,0.481963,0.226448,0,0,0.5366115086756046,0.535045297,10.730390012736722,81.05056167
272,tt66_2024_fp2_sti_smaug_0p4_0p4mm,Screen Out,0.4,0.4,0.481963,0.226448,0,0,0.5357607340460138,0.5360924136486458,10.572168506307326,81.21390239949172
273,tt66_2024_fp2_sti_smaug_0p4_0p4mm,Screen Out,0.4,0.4,0.481963,0.226448,0,0,1.5019493185707185,1.0303954553970112,102.82574577746998,127.9311996963155
274,tt66_2024_fp2_sti_smaug_0p4_0p4mm,Screen Out,0.4,0.4,0.481963,0.226448,0,0,0.6273827214653486,0.5130367388146947,26.21720509,77.51038629250472
275,tt66_2024_fp2_sti_smaug_0p4_0p4mm,Glassy C,0.4,0.4,0.481963,0.226448,0,0,0.6222610090187572,0.5104160432229715,25.411149888586433,77.07474556118196
276,tt66_2024_fp2_sti_smaug_0p4_0p4mm,Glassy C,0.4,0.4,0.481963,0.226448,0,0,0.6271127347235385,0.5076069607071463,26.17490044712235,76.60433503
277,tt66_2024_fp2_sti_smaug_0p4_0p4mm,Glassy C,0.4,0.4,0.481963,0.226448,0,0,0.6229436882489856,0.5089760064107837,25.519021605780395,76.83404511
278,tt66_2024_fp2_sti_smaug_0p4_0p4mm,Glassy C,0.4,0.4,0.481963,0.226448,0,0,0.6204371437600372,0.5066683710665845,25.122301469906073,76.4463548
279,tt66_2024_fp2_sti_smaug_0p25_0p25mm,Chromox,0.25,0.25,0.361643,0.236027,0,0,0.3113167582871129,0.3482887358391771,14.956686813185577,38.4250257
280,tt66_2024_fp2_sti_smaug_0p25_0p25mm,Chromox,0.25,0.25,0.361643,0.236027,0,0,0.3099533368248472,0.3455382060188078,15.39307478046399,37.66085208861901
281,tt66_2024_fp2_sti_smaug_0p25_0p25mm,Chromox,0.25,0.25,0.361643,0.236027,0,0,0.3163059726080408,0.3467378165224164,13.374760999356518,37.995024196234354
282,tt66_2024_fp2_sti_smaug_0p25_0p25mm,Chromox,0.25,0.25,0.361643,0.236027,0,0,0.3122146879298859,0.3436078179679431,14.670252474809509,37.12020556
283,tt66_2024_fp2_sti_smaug_0p25_0p25mm,Chromox,0.25,0.25,0.361643,0.236027,0,0,0.3279621796926117,0.3444862523461695,9.768145976630091,37.36667575040767
284,tt66_2024_fp2_sti_smaug_0p25_0p25mm,Chromox,0.25,0.25,0.361643,0.236027,0,0,0.3239224582714343,0.3473537516689935,11.004213025455872,38.16606953537597
285,tt66_2024_fp2_sti_smaug_0p25_0p25mm,Chromox,0.25,0.25,0.361643,0.236027,0,0,0.3203830263671438,0.343896345,12.099237283547716,37.201242539570345
286,tt66_2024_fp2_sti_smaug_0p25_0p25mm,Chromox,0.25,0.25,0.361643,0.236027,0,0,0.3173843527412817,0.3416648100870215,13.035895264025228,36.57237587325623
287,tt66_2024_fp2_sti_smaug_0p25_0p25mm,Chromox,0.25,0.25,0.361643,0.236027,0,0,0.3191030772372968,0.3440874072795912,12.498029495915691,37.25486073905093
288,tt66_2024_fp2_sti_smaug_0p25_0p25mm,Chromox,0.25,0.25,0.361643,0.236027,0,0,0.3217212861180525,0.3431048069447978,11.683874821357268,36.978734602640934
289,tt66_2024_fp2_sti_smaug_0p25_0p25mm,Chromox,0.25,0.25,0.361643,0.236027,0,0,0.3175705034382457,0.3415389220206754,12.977508938987505,36.536754679545766
290,tt66_2024_fp2_sti_smaug_0p25_0p25mm,Chromox,0.25,0.25,0.361643,0.236027,0,0,0.3206125240486496,0.3422424766116699,12.027891165429285,36.73563309411805
291,tt66_2024_fp2_sti_smaug_0p25_0p25mm,Chromox,0.25,0.25,0.361643,0.236027,0,0,0.3244712061674461,0.3483712927886448,10.83545377676733,38.447851123095454
292,tt66_2024_fp2_sti_smaug_0p25_0p25mm,Chromox,0.25,0.25,0.361643,0.236027,0,0,0.318652487,0.3438114403601305,12.638776366769482,37.17740420700185
293,tt66_2024_fp2_sti_smaug_0p25_0p25mm,Chromox,0.25,0.25,0.361643,0.236027,0,0,0.320781631,0.343170493,11.975350054461645,36.99722250739201
294,tt66_2024_fp2_sti_smaug_0p25_0p25mm,Chromox,0.25,0.25,0.361643,0.236027,0,0,0.2694058130616483,0.2760806465621361,29.232980089399483,15.642666861556515
295,tt66_2024_fp2_sti_smaug_0p25_0p25mm,Chromox,0.25,0.25,0.361643,0.236027,0,0,0.2511916047926834,0.2723901043685661,36.04606996521724,14.30443785471287
296,tt66_2024_fp2_sti_smaug_0p25_0p25mm,Chromox,0.25,0.25,0.361643,0.236027,0,0,0.2614001120660437,0.2759378519301908,32.178475611918934,15.591246852091674
297,tt66_2024_fp2_sti_smaug_0p25_0p25mm,Chromox,0.25,0.25,0.361643,0.236027,0,0,0.2577164455596076,0.2733500652218333,33.55936691866933,14.654395641303228
298,tt66_2024_fp2_sti_smaug_0p25_0p25mm,Chromox,0.25,0.25,0.361643,0.236027,0,0,0.2564514570590286,0.2706899899156909,34.037368152915015,13.681400310440834
299,tt66_2024_fp2_sti_smaug_0p25_0p25mm,Chromox,0.25,0.25,0.361643,0.236027,0,0,0.2652383352864313,0.2714183946991292,30.756910211569778,13.948848514080309
300,tt66_2024_fp2_sti_smaug_0p25_0p25mm,Chromox,0.25,0.25,0.361643,0.236027,0,0,0.2427594913823289,0.2900279551841225,39.33918549732402,20.53053759952583
301,tt66_2024_fp2_sti_smaug_0p25_0p25mm,Chromox,0.25,0.25,0.361643,0.236027,0,0,0.2437387116774834,0.2919268429582729,38.95204828563768,21.176034118835275
302,tt66_2024_fp2_sti_smaug_0p25_0p25mm,Chromox,0.25,0.25,0.361643,0.236027,0,0,0.2393250030638691,0.2921822707549732,40.70699149123627,21.26250857911301
303,tt66_2024_fp2_sti_smaug_0p25_0p25mm,Chromox,0.25,0.25,0.361643,0.236027,0,0,0.2445711580161435,0.2924158977536671,38.623922069711504,21.34152923366669
304,tt66_2024_fp2_sti_smaug_0p25_0p25mm,Chromox,0.25,0.25,0.361643,0.236027,0,0,0.2449754518770203,0.2918852550450094,38.46488604558032,21.161946710347525
305,tt66_2024_fp2_sti_smaug_0p25_0p25mm,Chromox,0.25,0.25,0.361643,0.236027,0,0,0.2510136088759895,0.3029393407062394,36.11464873511336,24.82987736063823
306,tt66_2024_fp2_sti_smaug_0p25_0p25mm,Screen Out,0.25,0.25,0.361643,0.236027,0,0,0.2449808994792087,0.2945745964182991,38.46274458390005,22.068383063115842
307,tt66_2024_fp2_sti_smaug_0p25_0p25mm,Screen Out,0.25,0.25,0.361643,0.236027,0,0,0.2423272265020933,0.2913486694146671,39.510481895416135,20.979985472620864
308,tt66_2024_fp2_sti_smaug_0p25_0p25mm,Screen Out,0.25,0.25,0.361643,0.236027,0,0,0.2433373623352798,0.2937645948131853,39.11057119541849,21.796342327229517
309,tt66_2024_fp2_sti_smaug_0p25_0p25mm,Screen Out,0.25,0.25,0.361643,0.236027,0,0,0.2431671407152586,0.2907793034781344,39.17786799825474,20.78650279
310,tt66_2024_fp2_sti_smaug_0p25_0p25mm,Glassy C,0.25,0.25,0.361643,0.236027,0,0,0.2463388922117276,0.2962193395522201,37.93011248042833,22.618225839884598
311,tt66_2024_fp2_sti_smaug_0p25_0p25mm,Glassy C,0.25,0.25,0.361643,0.236027,0,0,0.2502132074703446,0.294758165,36.423522771910804,22.129919577785213
312,tt66_2024_fp2_sti_smaug_0p25_0p25mm,Glassy C,0.25,0.25,0.361643,0.236027,0,0,0.2445915998630046,0.2929766773467244,38.61587582214753,21.530919267843927
313,tt66_2024_fp2_sti_smaug_0p25_0p25mm,Glassy C,0.25,0.25,0.361643,0.236027,0,0,0.2453108374356152,0.2935562752498662,38.333117080497956,21.726243232557888
314,tt66_2024_fp2_sti_smaug_0p25_0p25mm,Glassy C,0.25,0.25,0.361643,0.236027,0,0,0.2458867458282457,0.2944589802140394,38.10718897852275,22.029603945598478
315,tt66_2024_fp2_sti_smaug_0p25_0p25mm,Glassy C,0.25,0.25,0.361643,0.236027,0,0,0.2479143886356943,0.2933132869658413,37.31514488532475,21.644408474633273
316,tt66_2024_fp2_sti_smaug_0p25_0p25mm,Glassy C,0.25,0.25,0.361643,0.236027,0,0,0.2487617756011946,0.2949947300001385,36.98569503740445,22.209158935971647
317,tt66_2024_fp2_sti_smaug_0p25_0p25mm,Glassy C,0.25,0.25,0.361643,0.236027,0,0,0.2432479513235007,0.2955419165877123,39.14591495126554,22.392173330884354
318,tt66_2024_fp2_sti_smaug_0p25_0p25mm,Glassy C,0.25,0.25,0.361643,0.236027,0,0,0.2465411012737444,0.2962981547572874,37.85100547192637,22.644488699681272
319,tt66_2024_fp2_sti_smaug_0p25_0p25mm,Glassy C,0.25,0.25,0.361643,0.236027,0,0,0.2447137518965918,0.2931916066908565,38.56780607708952,21.60340017079152
320,tt66_2024_fp2_sti_smaug_0p25_0p25mm,Glassy C,0.25,0.25,0.361643,0.236027,0,0,0.2519198815799766,0.2950695411854324,35.765891879729445,22.23420286400159
321,tt66_2024_fp2_sti_smaug_0p25_0p25mm,Glassy C,0.25,0.25,0.361643,0.236027,0,0,0.2446291301443803,0.2934354393673263,38.60110469790306,21.68555693428441
322,tt66_2024_fp2_sti_smaug_0p25_0p25mm,Glassy C,0.25,0.25,0.361643,0.236027,0,0,0.2473359732367314,0.2945409126252956,37.540549604110375,22.057086843327458
323,tt66_2024_fp2_sti_smaug_0p25_0p25mm,Glassy C,0.25,0.25,0.361643,0.236027,0,0,0.2472787698446132,0.291528385,37.56286466308165,21.040969842206238
324,tt66_2024_fp2_sti_smaug_0p25_0p25mm,Glassy C,0.25,0.25,0.361643,0.236027,0,0,0.2539580992567977,0.2977198275822911,34.98528539770576,23.116887780575908
325,tt66_2024_fp2_sti_smaug_0p25_0p25mm,Glassy C,0.25,0.25,0.361643,0.236027,0,0,0.2483503324197697,0.2941918740764219,37.145542929399575,21.939948545867285
326,tt66_2024_fp2_sti_smaug_0p25_0p25mm,Glassy C,0.25,0.25,0.361643,0.236027,0,0,0.2448216406655241,0.2954745086572422,38.52536537209428,22.36964813
327,tt66_2024_fp2_sti_smaug_0p25_0p25mm,Glassy C,0.25,0.25,0.361643,0.236027,0,0,0.2426009503707154,0.2939010876626363,39.40198311,21.842241998495542
328,tt66_2024_fp2_sti_smaug_0p25_0p25mm,Glassy C,0.25,0.25,0.361643,0.236027,0,0,0.2450029877411781,0.2950241489895899,38.45406204469473,22.21900813201947
329,tt66_2024_fp2_sti_smaug_0p25_0p25mm,Glassy C,0.25,0.25,0.361643,0.236027,0,0,0.2474591407620918,0.2894451827223914,37.49251615,20.33149783329726
330,tt66_2024_fp2_sti_smaug_0p25_0p25mm,Glassy C,0.25,0.25,0.361643,0.236027,0,0,0.2485089203286928,0.2930137891216512,37.08390513967772,21.543438726629944
331,tt66_2024_fp2_sti_smaug_0p25_0p25mm,Glassy C,0.25,0.25,0.361643,0.236027,0,0,0.244123483,0.2923899930194565,38.800270348987944,21.332770809428233
332,tt66_2024_fp2_sti_smaug_0p25_0p25mm,Glassy C,0.25,0.25,0.361643,0.236027,0,0,0.2478727822803566,0.2947908717039724,37.33134433172493,22.14087913631663
333,tt66_2024_fp2_sti_smaug_0p25_0p25mm,Glassy C,0.25,0.25,0.361643,0.236027,0,0,0.2519241049265471,0.2993460999611655,35.76426904000593,23.654195537937383
334,tt66_2024_fp2_sti_smaug_0p25_0p25mm,Glassy C,0.25,0.25,0.361643,0.236027,0,0,0.2428407343059783,0.2931758318879242,39.307018188147374,21.598082415412055
335,tt66_2024_fp2_sti_smaug_0p25_0p25mm,Glassy C,0.25,0.25,0.361643,0.236027,0,0,0.2524707730674815,0.2953358078553423,35.55439780717055,22.32328156150834
336,tt66_2024_fp2_sti_smaug_0p25_0p25mm,Glassy C,0.25,0.25,0.361643,0.236027,0,0,0.2475132438146524,0.2947343409123598,37.471422921201736,22.121935562015114
337,tt66_2024_fp2_sti_smaug_0p25_0p25mm,Glassy C,0.25,0.25,0.361643,0.236027,0,0,0.2495579207826636,0.2961565677700941,36.67699946,22.597303416204074
338,tt66_2024_fp2_sti_smaug_0p25_0p25mm,Glassy C,0.25,0.25,0.361643,0.236027,0,0,0.2444778475584949,0.2967665381499436,38.66065749543381,22.80040345866572
339,tt66_2024_fp2_sti_smaug_0p25_0p25mm,Glassy C,0.25,0.25,0.361643,0.236027,0,0,0.2453585678192572,0.2951997798913547,38.314376220974786,22.277784980439655
340,tt66_2024_fp2_sti_smaug_0p25_0p25mm,Glassy C,0.25,0.25,0.361643,0.236027,0,0,0.248593686,0.2928547136871273,37.0509726,21.489763104475607
341,tt66_2024_fp2_sti_smaug_0p25_0p25mm,Glassy C,0.25,0.25,0.361643,0.236027,0,0,0.2469472790158908,0.292797817,37.69226191702427,21.470557164756876
342,tt66_2024_fp2_sti_smaug_0p25_0p25mm,Glassy C,0.25,0.25,0.361643,0.236027,0,0,0.2500261649550938,0.297198855,36.49581879874577,22.94406936857926
343,tt66_2024_fp2_sti_smaug_0p25_0p25mm,Glassy C,0.25,0.25,0.361643,0.236027,0,0,0.2454963223599465,0.2940717257368792,38.26030479745312,21.89959074366475
344,tt66_2024_fp2_sti_smaug_0p25_0p25mm,Glassy C,0.25,0.25,0.361643,0.236027,0,0,0.2469019178082126,0.2947082854945954,37.70997960349375,22.113202984011117
345,tt66_2024_fp2_sti_smaug_0p25_0p25mm,Glassy C,0.25,0.25,0.361643,0.236027,0,0,0.2489692871903021,0.2946481046820505,36.90515739,22.093029865108466
346,tt66_2024_fp2_sti_smaug_0p25_0p25mm,Glassy C,0.25,0.25,0.361643,0.236027,0,0,0.2418513154698366,0.2951870922338951,39.69935804180768,22.273540216190938
347,tt66_2024_fp2_sti_smaug_0p25_0p25mm,Glassy C,0.25,0.25,0.361643,0.236027,0,0,0.2503599313106027,0.295023633,36.36684172446198,22.21883543485764
348,tt66_2024_fp2_sti_smaug_0p25_0p25mm,Glassy C,0.25,0.25,0.361643,0.236027,0,0,0.2458102742349553,0.2931335697591135,38.13716401839397,21.58383410355377
349,tt66_2024_fp2_sti_smaug_0p25_0p25mm,Glassy C,0.25,0.25,0.361643,0.236027,0,0,0.2505471569316052,0.2929773319616219,36.294553844258104,21.531140113897415
350,tt66_2024_fp2_sti_smaug_0p25_0p25mm,Glassy C,0.25,0.25,0.361643,0.236027,0,0,0.2497856659819435,0.2967880433503603,36.58884191777814,22.80755549554032
351,tt66_2024_fp2_sti_smaug_0p25_0p25mm,Glassy C,0.25,0.25,0.361643,0.236027,0,0,0.241494474,0.2921212490992483,39.84117414535608,21.24185745003094
352,tt66_2024_fp2_sti_smaug_0p25_0p25mm,Glassy C,0.25,0.25,0.361643,0.236027,0,0,0.2577349083209393,0.2938887502975891,33.552404851100775,21.838094174440077
353,tt66_2024_fp2_sti_smaug_0p25_0p25mm,Glassy C,0.25,0.25,0.361643,0.236027,0,0,0.2466511675252895,0.301620786,37.80796812257114,24.40028137028733
354,tt66_2024_fp2_sti_smaug_0p25_0p25mm,Glassy C,0.25,0.25,0.361643,0.236027,0,0,0.250032382,0.2922856085098742,36.493414891829396,21.29746956770679
355,tt66_2024_fp2_sti_smaug_0p25_0p25mm,Glassy C,0.25,0.25,0.361643,0.236027,0,0,0.2485094521795144,0.2910782790137312,37.08369848104792,20.88815317
356,tt66_2024_fp2_sti_smaug_0p25_0p25mm,Glassy C,0.25,0.25,0.361643,0.236027,0,0,0.2524990992629087,0.2927993514356879,35.54353328589114,21.471075063320544
357,tt66_2023_fp2_sti2_0p2_0p6mm,Chromox,0.2,0.6,0.310733,0.574481,0,0,0.3171284002313725,0.5966902788700943,2.037201277,3.792661119818618
358,tt66_2023_fp2_sti2_0p2_0p6mm,Chromox,0.2,0.6,0.310733,0.574481,0,0,0.3136042438618185,0.59970338,0.919773372,4.296153218854379
359,tt66_2023_fp2_sti2_0p2_0p6mm,Chromox,0.2,0.6,0.310733,0.574481,0,0,0.3127234388975114,0.5998944491484075,0.6385173921793887,4.327993942113814
360,tt66_2023_fp2_sti2_0p2_0p6mm,Chromox,0.2,0.6,0.310733,0.574481,0,0,0.3186936779838313,0.6141362768384335,2.5295012945211752,6.672505542559731
361,tt66_2023_fp2_sti2_0p2_0p6mm,Chromox,0.2,0.6,0.310733,0.574481,0,0,0.3164109707094618,0.6110559162733511,1.8107391522997658,6.170185975873558
362,tt66_2023_fp2_sti2_0p2_0p6mm,Chromox,0.2,0.6,0.310733,0.574481,0,0,0.3186719728491733,0.613185919,2.5226914916910825,6.517806965788858
363,tt66_2023_fp2_sti2_0p2_0p6mm,Chromox,0.2,0.6,0.310733,0.574481,0,0,0.2502751844871191,0.5747923065701791,21.553273975192425,0.054174506
364,tt66_2023_fp2_sti2_0p2_0p6mm,Chromox,0.2,0.6,0.310733,0.574481,0,0,0.2513523669556894,0.5741261064555789,21.12868846450212,0.061795464
365,tt66_2023_fp2_sti2_0p2_0p6mm,Chromox,0.2,0.6,0.310733,0.574481,0,0,0.2527120969888384,0.5743054237755237,20.595051166914654,0.030567252683792092
366,tt66_2023_fp2_sti2_0p2_0p6mm,Chromox,0.2,0.6,0.310733,0.574481,0,0,0.2559813143106984,0.5928278136961111,19.32249964636828,3.1434378770804705
367,tt66_2023_fp2_sti2_0p2_0p6mm,Chromox,0.2,0.6,0.310733,0.574481,0,0,0.2527906754119304,0.5678011740530764,20.564291126087753,1.1695579426267477
368,tt66_2023_fp2_sti2_0p2_0p6mm,Chromox,0.2,0.6,0.310733,0.574481,0,0,0.2540100472408357,0.5669356273051487,20.088057050474735,1.3221066724191222
369,tt66_2023_fp2_sti2_0p2_0p6mm,Chromox,0.2,0.6,0.310733,0.574481,0,0,0.2521832624089841,0.567715646,20.802290323059406,1.1846215115868257
370,tt66_2023_fp2_sti2_0p2_0p6mm,Chromox,0.2,0.6,0.310733,0.574481,0,0,0.2553296240025262,0.5666076235076576,19.57499882459173,1.3799763366564832
371,tt66_2023_fp2_sti2_0p2_0p6mm,Chromox,0.2,0.6,0.310733,0.574481,0,0,0.2526097144170211,0.567642052,20.63514237265964,1.197585080381075
372,tt66_2024_PANOS_TEST_focus_fp2_sti2_0p2_0p6mm,Chromox,0.2,0.6,0.198994,0.322577,0,0,0.2697655083241823,0.5244409091285978,30.195231058753684,47.66461416
373,tt66_2024_PANOS_TEST_focus_fp2_sti2_0p2_0p6mm,Chromox,0.2,0.6,0.198994,0.322577,0,0,0.271524764,0.5280559044324398,30.830126105173434,48.31200471125429
374,tt66_2024_PANOS_TEST_focus_fp2_sti2_0p2_0p6mm,Chromox,0.2,0.6,0.198994,0.322577,0,0,0.1899324857944872,0.5017454538549669,4.659756810854478,43.470477606689144
375,tt66_2024_PANOS_TEST_focus_fp2_sti2_0p2_0p6mm,Chromox,0.2,0.6,0.198994,0.322577,0,0,0.1923789270791159,0.507614797,3.380444820367892,44.57712000047866
376,tt66_2024_PANOS_TEST_focus_fp2_sti2_0p2_0p6mm,Chromox,0.2,0.6,0.198994,0.322577,0,0,0.1908720635963045,0.5062466935158184,4.166526487981553,44.32057021360068
377,tt66_2024_PANOS_TEST_focus_fp2_sti2_0p2_0p6mm,Chromox,0.2,0.6,0.198994,0.322577,0,0,0.1936533855585983,0.4917670180961828,2.7203107102337687,41.55246783582308
378,tt66_2024_PANOS_TEST_focus_fp2_sti2_0p2_0p6mm,Chromox,0.2,0.6,0.198994,0.322577,0,0,0.1947080239176943,0.4894627953749642,2.177269011551601,41.10286129460039
379,tt66_2023_fp2_sti_0p15_0p5mm,Chromox,0.15,0.5,0.195575,0.490971,0,0,0.1939549237705186,0.4920998619374762,0.8318109242030042,0.22966033908306094
380,tt66_2023_fp2_sti_0p15_0p5mm,Chromox,0.15,0.5,0.195575,0.490971,0,0,0.2047505071042537,0.4322920168687328,4.584023221814933,12.711217076641553
381,tt66_2023_fp2_sti_0p15_0p5mm,Chromox,0.15,0.5,0.195575,0.490971,0,0,0.2014926467983368,0.4433450573065562,2.9806743742797424,10.194824828493202
382,tt66_2023_fp2_sti_0p15_0p5mm,Chromox,0.15,0.5,0.195575,0.490971,0,0,0.2028136186278958,0.4478790198811967,3.633948506273384,9.179736743096877
383,tt66_2023_fp2_sti_0p15_0p5mm,Chromox,0.15,0.5,0.195575,0.490971,0,0,0.2010092086715314,0.4211277578125199,2.7405068344676637,15.31484208025558
384,tt66_2023_fp2_sti_0p15_0p5mm,Chromox,0.15,0.5,0.195575,0.490971,0,0,0.2010468599493382,0.4243879838549296,2.759232660568509,14.547957100866295
385,tt66_2023_fp2_sti_0p15_0p5mm,Chromox,0.15,0.5,0.195575,0.490971,0,0,0.2013988968560353,0.4250143020330997,2.9341459990994627,14.401256836873765
386,tt66_2023_fp2_sti_0p15_0p5mm,Chromox,0.15,0.5,0.195575,0.490971,0,0,0.2015105897190764,0.4253509106192336,2.9895769943581256,14.32249706577933
387,tt66_2023_fp2_sti_0p15_0p5mm,Chromox,0.15,0.5,0.195575,0.490971,0,0,0.2023929435366308,0.4257658296236862,3.4263782535053524,14.225493788240195
388,tt66_2023_fp2_sti_0p15_0p5mm,Chromox,0.15,0.5,0.195575,0.490971,0,0,0.201691808,0.4220731588329103,3.0794458355314833,15.091896815846821
389,tt66_2023_fp2_sti_0p15_0p5mm,Chromox,0.15,0.5,0.195575,0.490971,0,0,0.203209139,0.425562836,3.828707546321423,14.272940407645313
390,tt66_2023_fp2_sti_0p15_0p5mm,Chromox,0.15,0.5,0.195575,0.490971,0,0,0.2014017888524934,0.4238651827169137,2.935581634047877,14.67056475265178
391,tt66_2023_fp2_sti_0p15_0p5mm,Chromox,0.15,0.5,0.195575,0.490971,0,0,0.2014077383975838,0.4237979369759268,2.9385350210075045,14.686345438474568
392,tt66_2023_fp2_sti_0p15_0p5mm,Chromox,0.15,0.5,0.195575,0.490971,0,0,0.1997750884006823,0.4244726584570748,2.1247438783550114,14.528112337356538
393,tt66_2023_fp2_sti_0p15_0p5mm,Chromox,0.15,0.5,0.195575,0.490971,0,0,0.2016671105423126,0.4235109624080386,3.0672027867315887,14.753716391370652
394,tt66_2023_fp2_sti_0p1_0p5mm,Chromox,0.1,0.5,0.185704,0.503613,0,0,0.1532695150693526,0.4093402183604996,19.136884440078713,20.652269961608194
395,tt66_2023_fp2_sti_0p1_0p5mm,Chromox,0.1,0.5,0.185704,0.503613,0,0,0.1535216989789307,0.4043975534821249,18.973975803093946,21.853368584185343
396,tt66_2023_fp2_sti_0p1_0p5mm,Chromox,0.1,0.5,0.185704,0.503613,0,0,0.1537421183951284,0.4055639048622821,18.831785000803414,21.56876062586959
397,tt66_2023_fp2_sti_0p1_0p5mm,Chromox,0.1,0.5,0.185704,0.503613,0,0,0.1534486991514094,0.4094515845503986,19.02110814939481,20.625357076130015
398,tt66_2023_fp2_sti_0p1_0p5mm,Chromox,0.1,0.5,0.185704,0.503613,0,0,0.1536180802903867,0.414070726,18.911778262207196,19.51484408451506
399,tt66_2023_fp2_sti_0p1_0p5mm,Chromox,0.1,0.5,0.185704,0.503613,0,0,0.1556845061472911,0.4274176251763294,17.586704480177836,16.367963150350676
400,tt66_2023_fp2_sti_0p1_0p5mm,Chromox,0.1,0.5,0.185704,0.503613,0,0,0.1561246356277749,0.4253152565510671,17.30654561336094,16.85765136257937
401,tt66_2023_fp2_sti_0p1_0p5mm,Chromox,0.1,0.5,0.185704,0.503613,0,0,0.1555853867458362,0.4263498396227705,17.649897373804734,16.616397362408684
402,tt66_2023_fp2_sti_0p1_0p5mm,Chromox,0.1,0.5,0.185704,0.503613,0,0,0.1538702905251903,0.4010820032587595,18.749187063352323,22.666422688733416
403,tt66_2023_fp2_sti_0p1_0p5mm,Chromox,0.1,0.5,0.185704,0.503613,0,0,0.1529223778140256,0.4027154656651193,19.361529008811097,22.26511428411021
404,tt66_2023_fp2_sti_0p1_0p5mm,Chromox,0.1,0.5,0.185704,0.503613,0,0,0.1528030205595481,0.4020467735858095,19.43887567594137,22.429223285926877
405,tt66_2023_fp2_sti_0p1_0p5mm,Chromox,0.1,0.5,0.185704,0.503613,0,0,0.1529237633036825,0.403424555,19.36063149489612,22.091355524896326
406,tt66_2023_fp2_sti_0p1_0p5mm,Chromox,0.1,0.5,0.185704,0.503613,0,0,0.1541151823476025,0.4023497682981817,18.591544735155757,22.354832945737403
407,tt66_2023_fp2_sti_0p1_0p5mm,Chromox,0.1,0.5,0.185704,0.503613,0,0,0.1530713231686392,0.4033235081214813,19.26508491004616,22.116099854938287
408,tt66_2023_fp2_sti_0p1_0p5mm,Chromox,0.1,0.5,0.185704,0.503613,0,0,0.1537325672296096,0.4035788821135894,18.83794255,22.053574300808247
409,tt66_2023_fp2_sti_0p1_0p5mm,Chromox,0.1,0.5,0.185704,0.503613,0,0,0.1535369011936712,0.4018111683660612,18.964163043515057,22.487102772538435
410,tt66_2023_fp2_sti_0p1_0p5mm,Chromox,0.1,0.5,0.185704,0.503613,0,0,0.1552784050943349,0.4026631869946821,17.84584450757667,22.277935678764607
411,tt66_2023_fp2_sti_0p1_0p5mm,Chromox,0.1,0.5,0.185704,0.503613,0,0,0.1532154583508232,0.4017759488641694,19.171836168549035,22.49575748932819
412,tt66_2023_fp2_sti_0p1_0p5mm,Chromox,0.1,0.5,0.185704,0.503613,0,0,0.1533022404820013,0.4027572628559605,19.115730419551962,22.25486455
413,tt66_2023_fp2_sti_0p1_0p5mm,Chromox,0.1,0.5,0.185704,0.503613,0,0,0.1547016899421743,0.4023558912310414,18.214918829994982,22.353330174807493
414,tt66_2023_fp2_sti_0p1_0p5mm,Chromox,0.1,0.5,0.185704,0.503613,0,0,0.1533366081684616,0.4043751564835701,19.093519213754945,21.85884095685902
415,tt66_2023_fp2_sti_0p1_0p5mm,Chromox,0.1,0.5,0.185704,0.503613,0,0,0.1535509199220873,0.4022285578046005,18.95511498273742,22.384586205365768
416,tt66_2023_fp2_sti_0p1_0p5mm,Chromox,0.1,0.5,0.185704,0.503613,0,0,0.1543429748861546,0.4030396319798845,18.445113428428456,22.18564519
417,tt66_2023_fp2_sti_0p1_0p5mm,Chromox,0.1,0.5,0.185704,0.503613,0,0,0.1527810146523278,0.4017633080421317,19.45314204322386,22.498863964778884
418,tt66_2023_fp2_sti_0p1_0p5mm,Chromox,0.1,0.5,0.185704,0.503613,0,0,0.1547611691724681,0.4036058738872348,18.176796705954565,22.046967714473684
419,tt66_2023_fp2_sti_0p1_0p5mm,Chromox,0.1,0.5,0.185704,0.503613,0,0,0.1538324951463835,0.4035214813057367,18.77353704783683,22.067625199339965
420,tt66_2023_fp2_sti_0p1_0p5mm,Chromox,0.1,0.5,0.185704,0.503613,0,0,0.1531772907310548,0.4016568223993952,19.196521117336793,22.52503619978681
421,tt66_2023_fp2_sti_0p1_0p5mm,Screen Out,0.1,0.5,0.185704,0.503613,0,0,0.1539527549929591,0.4035093317470624,18.69607746,22.070599465927387
422,tt66_2023_fp2_sti_0p1_0p5mm,Screen Out,0.1,0.5,0.185704,0.503613,0,0,0.1537076785009882,0.4042200767171093,18.853989727356208,21.89673979324783
423,tt66_2023_fp2_sti_0p1_0p5mm,Screen Out,0.1,0.5,0.185704,0.503613,0,0,0.1557280449093015,0.4031907734217115,17.558958239354105,22.148612416853467
424,tt66_2023_fp2_sti_0p1_0p5mm,Screen Out,0.1,0.5,0.185704,0.503613,0,0,0.1536425363405162,0.4036842188758894,18.896001712722267,22.02779398969589
425,tt66_2023_fp2_sti_0p1_0p5mm,Glassy C,0.1,0.5,0.185704,0.503613,0,0,0.153826681,0.4034451541806347,18.77728334648238,22.086311744774306
426,tt66_2023_fp2_sti_0p1_0p5mm,Glassy C,0.1,0.5,0.185704,0.503613,0,0,0.1533644805577281,0.4023762190099935,19.075509106052653,22.34834120887918
427,tt66_2023_fp2_sti_0p1_0p5mm,Glassy C,0.1,0.5,0.185704,0.503613,0,0,0.1546167699424599,0.4041727613121165,18.26936984351335,21.908305445142087
428,tt66_2023_fp2_sti_0p1_0p5mm,Glassy C,0.1,0.5,0.185704,0.503613,0,0,0.1542059600018134,0.4048047841701104,18.53316684101787,21.75391489504057
429,tt66_2023_fp2_sti_0p1_0p5mm,Glassy C,0.1,0.5,0.185704,0.503613,0,0,0.1547543955897895,0.405450891,18.181137437715567,21.59630583243567
430,tt66_2023_fp2_sti_0p1_0p5mm,Glassy C,0.1,0.5,0.185704,0.503613,0,0,0.154882399,0.4048666155016735,18.099137829460343,21.738822272593865
431,tt66_2023_fp2_sti_0p1_0p5mm,Glassy C,0.1,0.5,0.185704,0.503613,0,0,0.1552605414551352,0.4045275734716042,17.857257775216844,21.82160547009059
432,tt66_2023_fp2_sti2_0p15_0p3mm,Chromox,0.15,0.3,0.346554,0.201111,0,0,0.2785374482284335,0.3913871529599654,21.762112396300285,64.22843750968526
433,tt66_2023_fp2_sti2_0p15_0p3mm,Chromox,0.15,0.3,0.346554,0.201111,0,0,0.2808477052065471,0.4164680653162269,20.94552636634026,69.74234633615855
434,tt66_2023_fp2_sti2_0p15_0p3mm,Chromox,0.15,0.3,0.346554,0.201111,0,0,0.2821087902310953,0.4201672259243623,20.502314045090763,70.51791509301384
435,tt66_2023_fp2_sti2_0p15_0p3mm,Chromox,0.15,0.3,0.346554,0.201111,0,0,0.2796641829973065,0.4136535228992906,21.363102771157056,69.14599492401379
436,tt66_2023_fp2_sti2_0p15_0p3mm,Chromox,0.15,0.3,0.346554,0.201111,0,0,0.2799962023182296,0.4135387414170501,21.245798799683474,69.12155886612969
437,tt66_2023_fp2_sti2_0p15_0p3mm,Chromox,0.15,0.3,0.346554,0.201111,0,0,0.2815186784687987,0.4166489422720446,20.709489127835734,69.78048511184545
438,tt66_2023_fp2_sti2_0p15_0p3mm,Chromox,0.15,0.3,0.346554,0.201111,0,0,0.2775395857288508,0.3999737470960726,22.116687576767948,66.16795653
439,tt66_2023_fp2_sti2_0p15_0p3mm,Chromox,0.15,0.3,0.346554,0.201111,0,0,0.2778498950109909,0.4011791068379017,22.00630250322181,66.43579383639032
440,tt66_2023_fp2_sti2_0p15_0p3mm,Chromox,0.15,0.3,0.346554,0.201111,0,0,0.2774479233587852,0.401139148,22.149315267889175,66.42693187465379
441,tt66_2023_fp2_sti2_0p15_0p3mm,Chromox,0.15,0.3,0.346554,0.201111,0,0,0.2775152207495387,0.4016763909910244,22.12535948096982,66.54598088433168
442,tt66_2023_fp2_sti2_0p15_0p3mm,Chromox,0.15,0.3,0.346554,0.201111,0,0,0.2786273964464262,0.4017338609496912,21.730206285623098,66.55870322379131
443,tt66_2023_fp2_sti2_0p15_0p3mm,Chromox,0.15,0.3,0.346554,0.201111,0,0,0.2790452543941036,0.4014025353107824,21.582105519380445,66.48532309152857
444,tt66_2023_fp2_sti2_0p15_0p3mm,Chromox,0.15,0.3,0.346554,0.201111,0,0,0.2788476475533018,0.4020478325080957,21.652118350368646,66.62816547758959
445,tt66_2023_fp2_sti2_0p15_0p3mm,Chromox,0.15,0.3,0.346554,0.201111,0,0,0.2811092374900147,0.4043996060414359,20.85346364132929,67.14617514974611
446,tt66_2023_fp2_sti2_0p15_0p3mm,Chromox,0.15,0.3,0.346554,0.201111,0,0,0.276561445,0.4002043078424275,22.465357275367513,66.21927140248329
447,tt66_2023_fp2_sti2_0p15_0p3mm,Chromox,0.15,0.3,0.346554,0.201111,0,0,0.2778890786771976,0.4028664240394154,21.99237165643991,66.80892894640674
448,tt66_2023_fp2_sti2_0p15_0p3mm,Chromox,0.15,0.3,0.346554,0.201111,0,0,0.281059248,0.4028514239862343,20.871054691931203,66.80562100361144
449,tt66_2023_fp2_sti2_0p15_0p3mm,Chromox,0.15,0.3,0.346554,0.201111,0,0,0.277346095,0.4000114280240508,22.18557272021915,66.17634569977909
450,tt66_2023_fp2_sti2_0p15_0p3mm,Chromox,0.15,0.3,0.346554,0.201111,0,0,0.2772786791012672,0.4018340838865885,22.209583825757633,66.58088414710208
451,tt66_2023_fp2_sti2_0p15_0p3mm,Chromox,0.15,0.3,0.346554,0.201111,0,0,0.2778059398940153,0.4005318138941007,22.021931809928294,66.29209533921305
452,tt66_2023_fp2_sti2_0p15_0p3mm,Chromox,0.15,0.3,0.346554,0.201111,0,0,0.2779779292107527,0.4021012340561213,21.96078937898651,66.63997270235129
453,tt66_2023_fp2_sti2_0p15_0p3mm,Chromox,0.15,0.3,0.346554,0.201111,0,0,0.2807102218777655,0.4036278836841231,20.99395305063817,66.97663707
454,tt66_2023_fp2_sti2_0p15_0p3mm,Chromox,0.15,0.3,0.346554,0.201111,0,0,0.2785506665118626,0.4019730620253345,21.75742307847477,66.61163001
455,tt66_2023_fp2_sti2_0p15_0p3mm,Chromox,0.15,0.3,0.346554,0.201111,0,0,0.2776001540751386,0.4012448813761956,22.095133221386966,66.45037844370408
456,tt66_2023_fp2_sti2_0p15_0p3mm,Chromox,0.15,0.3,0.346554,0.201111,0,0,0.3335787387918024,0.4611346760723631,3.815508494,78.52785921216056
457,tt66_2023_fp2_sti2_0p15_0p3mm,Chromox,0.15,0.3,0.346554,0.201111,0,0,0.3345113095104096,0.4620602837705166,3.5364275118482826,78.69740145769501
458,tt66_2023_fp2_sti2_0p15_0p3mm,Chromox,0.15,0.3,0.346554,0.201111,0,0,0.3367760080179351,0.4657840687252801,2.8618652385622205,79.37472659115106
459,tt66_2022_fp2_0p25mm,Chromox,0.2,0.25,0.383926,0.291953,0,0,0.3427911468501468,0.376841141,11.320732785278686,25.385431950586614
460,tt66_2022_fp2_0p25mm,Chromox,0.2,0.25,0.383926,0.291953,0,0,0.3432714662495262,0.3765974006798869,11.181153850864446,25.32177098205526
461,tt66_2022_fp2_0p25mm,Chromox,0.2,0.25,0.383926,0.291953,0,0,0.3415210329496792,0.3806434384393218,11.690713484043485,26.37255666863689
462,tt66_2022_fp2_0p25mm,Chromox,0.2,0.25,0.383926,0.291953,0,0,0.3460668959440101,0.3860466023726693,10.372458216057401,27.756241166923214
463,tt66_2022_fp2_0p25mm,Chromox,0.2,0.25,0.383926,0.291953,0,0,0.3492342345597392,0.3844767522486775,9.463624404314052,27.356499899981557
464,tt66_2022_fp2_0p25mm,Chromox,0.2,0.25,0.383926,0.291953,0,0,0.3547311053092563,0.3863602184895076,7.904857201236986,27.83587756
465,tt66_2022_fp2_0p25mm,Chromox,0.2,0.25,0.383926,0.291953,0,0,0.3541946545414477,0.3878722519124206,8.055958135197466,28.218796416458357
466,tt66_2022_fp2_0p25mm,Chromox,0.2,0.25,0.383926,0.291953,0,0,0.355982241,0.3864991415639792,7.553304002719991,27.871130702315956
467,tt66_2022_fp2_0p25mm,Chromox,0.2,0.25,0.383926,0.291953,0,0,0.3535729136817552,0.3877576276514357,8.231357566810663,28.18982777493527
468,tt66_2022_fp2_0p25mm,Chromox,0.2,0.25,0.383926,0.291953,0,0,0.2854885184846473,0.3201360581017687,29.41002288,9.208809642561146
469,tt66_2022_fp2_0p25mm,Chromox,0.2,0.25,0.383926,0.291953,0,0,0.2808783348067308,0.3048049153467162,31.00090050502658,4.307245875155001
470,tt66_2022_fp2_0p25mm,Chromox,0.2,0.25,0.383926,0.291953,0,0,0.2844045239103708,0.3218864756073619,29.782113050091944,9.752867580809875
471,tt66_2022_fp2_0p25mm,Chromox,0.2,0.25,0.383926,0.291953,0,0,0.2814794490750245,0.3208951813112861,30.792218809565128,9.445139006322794
472,tt66_2022_fp2_0p25mm,Chromox,0.2,0.25,0.383926,0.291953,0,0,0.2826599006013712,0.3198815949003039,30.383510754508894,9.129459214333808
473,tt66_2022_fp2_0p25mm,Chromox,0.2,0.25,0.383926,0.291953,0,0,0.2836304029515944,0.3201151145632238,30.04857615175273,9.202281214508437
474,tt66_2022_fp2_0p25mm,Chromox,0.2,0.25,0.383926,0.291953,0,0,0.2842368398169564,0.3191293351690748,29.839779838805008,8.894492151063615
475,tt66_2022_fp2_0p25mm,Chromox,0.2,0.25,0.383926,0.291953,0,0,0.2807355606449181,0.3202946728766087,31.05052118704041,9.258237845
476,tt66_2022_fp2_0p25mm,Chromox,0.2,0.25,0.383926,0.291953,0,0,0.2800264314671541,0.3189521085553266,31.29729288083368,8.839051491703604
477,tt66_2022_fp2_0p25mm,Chromox,0.2,0.25,0.383926,0.291953,0,0,0.2794660563508679,0.319704279,31.492672439804807,9.074127084051382
478,tt66_2022_fp2_0p25mm,Chromox,0.2,0.25,0.383926,0.291953,0,0,0.2851918980417909,0.3212767589878755,29.51172050461053,9.563710357525313
479,tt66_2022_fp2_0p25mm,Chromox,0.2,0.25,0.383926,0.291953,0,0,0.2783149375258938,0.3202416318004579,31.89505706749721,9.241711812225896
480,tt66_2022_fp2_0p25mm,Chromox,0.2,0.25,0.383926,0.291953,0,0,0.2822145922423698,0.3192074632844606,30.53751983954263,8.918922254228072
481,tt66_2022_fp2_0p25mm,Chromox,0.2,0.25,0.383926,0.291953,0,0,0.2796547186656598,0.3206339677208541,31.426856869503627,9.363884389366751
482,tt66_2022_fp2_0p25mm,Chromox,0.2,0.25,0.383926,0.291953,0,0,0.2803758191000591,0.3205806096535737,31.17564273426861,9.347277995003216
483,tt66_2022_fp2_0p25mm,Chromox,0.2,0.25,0.383926,0.291953,0,0,0.2817889384194577,0.3199359126453839,30.68492403761779,9.146402906503125
484,tt66_2022_fp2_0p25mm,Chromox,0.2,0.25,0.383926,0.291953,0,0,0.2789910222596189,0.3199537318658402,31.65855581221907,9.151960718085155
485,tt66_2022_fp2_0p25mm,Chromox,0.2,0.25,0.383926,0.291953,0,0,0.2829483644748523,0.3199323762457288,30.283855821827906,9.145299865605041
486,tt66_2022_fp2_0p25mm,Screen Out,0.2,0.25,0.383926,0.291953,0,0,0.2816318183062199,0.3211645933150612,30.739382478928384,9.528871340036817
487,tt66_2022_fp2_0p25mm,Screen Out,0.2,0.25,0.383926,0.291953,0,0,0.2832867762482068,0.3208511088675961,30.16705534857889,9.431434433753079
488,tt66_2022_fp2_0p25mm,Screen Out,0.2,0.25,0.383926,0.291953,0,0,0.2785380932492968,0.3206830987198312,31.816941574535694,9.379172653999918
489,tt66_2022_fp2_0p25mm,Screen Out,0.2,0.25,0.383926,0.291953,0,0,0.2729869968800599,0.3205895472669265,33.77585879616734,9.350059810440433
490,tt66_2022_fp2_0p25mm,Glassy C,0.2,0.25,0.383926,0.291953,0,0,0.2838430135726076,0.3204542742931801,29.975331107965584,9.307947664754725
491,tt66_2022_fp2_0p25mm,Glassy C,0.2,0.25,0.383926,0.291953,0,0,0.284418676,0.322178118,29.777247555115874,9.843213166094863
492,tt66_2022_fp2_0p25mm,Glassy C,0.2,0.25,0.383926,0.291953,0,0,0.2816362963219429,0.3213932822305638,30.737830025328815,9.599889355650106
493,tt66_2022_fp2_0p25mm,Glassy C,0.2,0.25,0.383926,0.291953,0,0,0.2829349033231929,0.3240391029879683,30.28850429633358,10.417699458265615
494,tt66_2022_fp2_0p25mm,Glassy C,0.2,0.25,0.383926,0.291953,0,0,0.2837477483827929,0.3228750748193872,30.008144504663857,10.058771251937674
495,tt66_2022_fp2_0p25mm,Glassy C,0.2,0.25,0.383926,0.291953,0,0,0.2820419546599531,0.3206177462017155,30.597281634089878,9.358836144054578
496,tt66_2022_fp2_0p25mm,Glassy C,0.2,0.25,0.383926,0.291953,0,0,0.2853860975381398,0.3230740412318938,29.445128161976786,10.120218834462504
497,tt66_2022_fp2_0p25mm,Glassy C,0.2,0.25,0.383926,0.291953,0,0,0.2797964790879288,0.3226742575451657,31.377427823497378,9.996711720162573
498,tt66_2022_fp2_0p25mm,Glassy C,0.2,0.25,0.383926,0.291953,0,0,0.2823264148581519,0.320892817,30.498826833814654,9.444404007083444
499,tt66_2022_fp2_0p25mm,Glassy C,0.2,0.25,0.383926,0.291953,0,0,0.2800050488970186,0.321477418,31.30474204380835,9.626003801219703
500,tt66_2022_fp2_0p25mm,Glassy C,0.2,0.25,0.383926,0.291953,0,0,0.2825848697993189,0.3204410153366227,30.409445604748825,9.303818986853855
501,tt66_2022_fp2_0p25mm,Glassy C,0.2,0.25,0.383926,0.291953,0,0,0.2868205690494768,0.3200120280846986,28.95443239855331,9.170141036495659
502,tt66_2022_fp2_0p25mm,Glassy C,0.2,0.25,0.383926,0.291953,0,0,0.2875120504042615,0.3233465387475273,28.718643376761065,10.204310834176917
503,tt66_2022_fp2_0p25mm,Glassy C,0.2,0.25,0.383926,0.291953,0,0,0.2797438357596177,0.3189347699867499,31.395781042583724,8.833625851548845
504,tt66_2022_fp2_0p25mm,Glassy C,0.2,0.25,0.383926,0.291953,0,0,0.2824493373454344,0.3202109327475732,30.456308019683593,9.232145586
505,tt66_2022_fp2_0p25mm,Glassy C,0.2,0.25,0.383926,0.291953,0,0,0.2828401878148041,0.3217902856685787,30.321217252028003,9.723050782079207
506,tt66_2022_fp2_0p25mm,Glassy C,0.2,0.25,0.383926,0.291953,0,0,0.2515741692958048,0.2728887869888193,41.652807378746644,6.750284221290476
507,tt66_2022_fp2_0p25mm,Glassy C,0.2,0.25,0.383926,0.291953,0,0,0.2817030816137619,0.3221741041078468,30.71467915386365,9.841970466927856
508,tt66_2022_fp2_0p25mm,Glassy C,0.2,0.25,0.383926,0.291953,0,0,0.2827358701863431,0.3211726206581156,30.357257356078442,9.531365082004521
509,tt66_2022_fp2_0p25mm,Glassy C,0.2,0.25,0.383926,0.291953,0,0,0.2772384129774588,0.3212953595337733,32.27263443962114,9.569486514755958
510,tt66_2022_fp2_0p25mm,Glassy C,0.2,0.25,0.383926,0.291953,0,0,0.2817946985745407,0.3218200542511418,30.682928033977493,9.732279396847183
511,tt66_2022_fp2_0p25mm,Glassy C,0.2,0.25,0.383926,0.291953,0,0,0.2803330803747465,0.3224295976863675,31.19051667816442,9.921048480583844
512,tt66_2022_fp2_0p25mm,Glassy C,0.2,0.25,0.383926,0.291953,0,0,0.282949491,0.3190309764585749,30.283466916244564,8.863727201333832
513,tt66_2022_fp2_0p25mm,Glassy C,0.2,0.25,0.383926,0.291953,0,0,0.2819018078329087,0.3201207214760811,30.645818924010616,9.204029021
514,tt66_2022_fp2_0p25mm,Glassy C,0.2,0.25,0.383926,0.291953,0,0,0.284600732,0.3193655611743698,29.71467369500724,8.968339231
515,tt66_2022_fp2_0p25mm,Glassy C,0.2,0.25,0.383926,0.291953,0,0,0.2817381937536762,0.3203739399232641,30.702509525136804,9.282929778273589
516,tt66_2022_fp2_0p25mm,Glassy C,0.2,0.25,0.383926,0.291953,0,0,0.2854829799292108,0.3219926299618423,29.411920969808154,9.785762287683127
517,tt66_2022_fp2_0p25mm,Glassy C,0.2,0.25,0.383926,0.291953,0,0,0.2846312139991506,0.3198815616963695,29.704200006127092,9.129448856
518,tt66_2022_fp2_0p25mm,Glassy C,0.2,0.25,0.383926,0.291953,0,0,0.2826917908057872,0.3218423965095407,30.37248948061946,9.739205174725061
519,tt66_2022_fp2_0p25mm,Glassy C,0.2,0.25,0.383926,0.291953,0,0,0.2822133170966489,0.321805815,30.537961142021533,9.727865096218798
520,tt66_2022_fp2_0p25mm,Glassy C,0.2,0.25,0.383926,0.291953,0,0,0.2824219409646731,0.3217040645334451,30.465783052733467,9.696316152105044
521,tt66_2022_fp2_0p25mm,Glassy C,0.2,0.25,0.383926,0.291953,0,0,0.2854463895950446,0.3198797593083318,29.424461461439535,9.128886573
522,tt66_2022_fp2_0p25mm,Glassy C,0.2,0.25,0.383926,0.291953,0,0,0.2814272048607363,0.3206083495706957,30.81034085068171,9.355911727299926
523,tt66_2022_fp2_0p25mm,Glassy C,0.2,0.25,0.383926,0.291953,0,0,0.2820257524462113,0.320090271,30.60289193007841,9.194536583287274
524,tt66_2022_fp2_0p25mm,Glassy C,0.2,0.25,0.383926,0.291953,0,0,0.2848664216834126,0.3205736715559363,29.623415309415517,9.345118469122083
525,tt66_2022_fp2_0p25mm,Glassy C,0.2,0.25,0.383926,0.291953,0,0,0.2846881483720129,0.3215258512736221,29.684640048260466,9.64103366
526,tt66_2022_fp2_0p25mm,Glassy C,0.2,0.25,0.383926,0.291953,0,0,0.2796463403629299,0.3207380969398187,31.429778878377018,9.396283733708662
527,tt66_2022_fp2_0p25mm,Glassy C,0.2,0.25,0.383926,0.291953,0,0,0.2812201484984216,0.3192547825276216,30.882190848864887,8.933715606406807
528,tt66_2022_fp2_0p25mm,Glassy C,0.2,0.25,0.383926,0.291953,0,0,0.2826163933336555,0.3217662823309437,30.398548593331935,9.715608809849016
529,tt66_2022_fp2_0p25mm,Glassy C,0.2,0.25,0.383926,0.291953,0,0,0.2827284807652632,0.3222045803239338,30.359810712911003,9.851406639962907
530,tt66_2022_fp2_0p25mm,Glassy C,0.2,0.25,0.383926,0.291953,0,0,0.2819999061943304,0.3203306574625189,30.611842205737986,9.269447948
531,tt66_2022_fp2_0p25mm,Glassy C,0.2,0.25,0.383926,0.291953,0,0,0.2839808008195865,0.3190391266479482,29.927887860333517,8.866276819817394
532,tt66_2022_fp2_0p25mm,Glassy C,0.2,0.25,0.383926,0.291953,0,0,0.2821468442212961,0.322291818,30.560968417108676,9.878412360425104
533,tt66_2022_fp2_0p25mm,Glassy C,0.2,0.25,0.383926,0.291953,0,0,0.284482516,0.3191746804800918,29.75530126021996,8.908672066271608
534,tt66_2022_fp2_0p25mm,Glassy C,0.2,0.25,0.383926,0.291953,0,0,0.2869634365285612,0.3201226893608953,28.90567601515988,9.204642448815083
535,tt66_2022_fp2_0p25mm,Glassy C,0.2,0.25,0.383926,0.291953,0,0,0.2840875279791801,0.3219325212699903,29.89115275040704,9.767137432389482
536,tt66_2022_fp2_0p25mm,Glassy C,0.2,0.25,0.383926,0.291953,0,0,0.2828471790725577,0.3217412830085182,30.318802285369966,9.707857424542667
537,tt66_2022_fp2_0p25mm,Glassy C,0.2,0.25,0.383926,0.291953,0,0,0.2840358479703854,0.3201249304010334,29.908939360274154,9.20534102
538,tt66_2022_fp2_0p25mm,Glassy C,0.2,0.25,0.383926,0.291953,0,0,0.283343165,0.320373971,30.147604777012134,9.282939611116019
539,tt66_2022_fp2_0p25mm,Glassy C,0.2,0.25,0.383926,0.291953,0,0,0.2819902777705185,0.3209210642468267,30.615176601707756,9.453186531045697
540,tt66_2022_fp2_0p25mm,Glassy C,0.2,0.25,0.383926,0.291953,0,0,0.2854808945211746,0.3196852667263183,29.412635658389203,9.068192176643938
541,tt66_2022_fp2_0p25mm,Glassy C,0.2,0.25,0.383926,0.291953,0,0,0.280732626,0.3200494559392136,31.05154143664834,9.1818115
542,tt66_2022_fp2_0p25mm,Glassy C,0.2,0.25,0.383926,0.291953,0,0,0.2820031056801793,0.3194702057206192,30.610734220939865,9.001034132549018
543,tt66_2022_fp2_0p25mm,Glassy C,0.2,0.25,0.383926,0.291953,0,0,0.2838452077662632,0.3206760914421012,29.974575444339187,9.376992324830121
544,tt66_2022_fp2_0p25mm,Glassy C,0.2,0.25,0.383926,0.291953,0,0,0.2830186207365872,0.3211399309888011,30.25959761155841,9.521209432876084
545,tt66_2022_fp2_0p25mm,Glassy C,0.2,0.25,0.383926,0.291953,0,0,0.2843231655976027,0.3205910258446589,29.81008867054084,9.350520007168091
546,tt66_2022_fp2_0p25mm,Glassy C,0.2,0.25,0.383926,0.291953,0,0,0.2880638599115174,0.3210633352691771,28.530829349450304,9.497409316635789
547,tt66_2022_fp2_0p25mm,Screen Out,0.2,0.25,0.383926,0.291953,0,0,0.2833728744803288,0.3198529671436303,30.137358046041605,9.120527958852149
548,tt66_2022_fp2_0p25mm,Screen Out,0.2,0.25,0.383926,0.291953,0,0,0.2888948953100161,0.3273144886558594,28.248559268123305,11.420424712627058